season,position,club,points,played,win,draw,loss,GF,GA,GD,city
1963–64,1,1. FC Köln,45,30,17,11,2,78,40,38,Cologne
1963–64,2,MSV Duisburg,39,30,13,13,4,60,36,24,Duisburg
1963–64,3,Eintracht Frankfurt,39,30,16,7,7,65,41,24,Frankfurt
1963–64,4,Borussia Dortmund,33,30,14,5,11,73,57,16,Dortmund
1963–64,5,VfB Stuttgart,33,30,13,7,10,48,40,8,Stuttgart
1963–64,6,Hamburger SV,32,30,11,10,9,69,60,9,Hamburg
1963–64,7,TSV 1860 Munich,31,30,11,9,10,66,50,16,Munich
1963–64,8,FC Schalke 04,29,30,12,5,13,51,53,-2,Gelsenkirchen
1963–64,9,1. FC Nürnberg,29,30,11,7,12,45,56,-11,Nuremberg
1963–64,10,Werder Bremen,28,30,10,8,12,53,62,-9,Bremen
1963–64,11,Eintracht Braunschweig,28,30,11,6,13,36,49,-13,Braunschweig
1963–64,12,1. FC Kaiserslautern,26,30,10,6,14,48,69,-21,Kaiserslautern
1963–64,13,Karlsruher SC,24,30,8,8,14,42,55,-13,Karlsruhe
1963–64,14,Hertha BSC,24,30,9,6,15,45,65,-20,Berlin
1963–64,15,SC Preußen Münster,23,30,7,9,14,34,52,-18,Münster
1963–64,16,1. FC Saarbrücken,17,30,6,5,19,44,72,-28,Saarbrücken
1964–65,1,Werder Bremen,41,30,15,11,4,54,29,25,Bremen
1964–65,2,1. FC Köln,38,30,14,10,6,66,45,21,Cologne
1964–65,3,Borussia Dortmund,36,30,15,6,9,67,48,19,Dortmund
1964–65,4,TSV 1860 Munich,35,30,14,7,9,70,50,20,Munich
1964–65,5,Hannover 96,33,30,13,7,10,48,42,6,Hanover
1964–65,6,1. FC Nürnberg,32,30,11,10,9,44,38,6,Nuremberg
1964–65,7,MSV Duisburg,32,30,12,8,10,46,48,-2,Duisburg
1964–65,8,Eintracht Frankfurt,29,30,11,7,12,50,58,-8,Frankfurt
1964–65,9,Eintracht Braunschweig,28,30,10,8,12,42,47,-5,Braunschweig
1964–65,10,Borussia Neunkirchen,27,30,9,9,12,44,48,-4,Neunkirchen
1964–65,11,Hamburger SV,27,30,11,5,14,46,56,-10,Hamburg
1964–65,12,VfB Stuttgart,26,30,9,8,13,46,50,-4,Stuttgart
1964–65,13,1. FC Kaiserslautern,25,30,11,3,16,41,53,-12,Kaiserslautern
1964–65,14,Hertha BSC,25,30,7,11,12,40,62,-22,Berlin
1964–65,15,Karlsruher SC,24,30,9,6,15,47,62,-15,Karlsruhe
1964–65,16,FC Schalke 04,22,30,7,8,15,45,60,-15,Gelsenkirchen
1965–66,1,TSV 1860 Munich,50,34,20,10,4,80,40,40,Munich
1965–66,2,Borussia Dortmund,47,34,19,9,6,70,36,34,Dortmund
1965–66,3,FC Bayern Munich,47,34,20,7,7,71,38,33,Munich
1965–66,4,Werder Bremen,45,34,21,3,10,76,40,36,Bremen
1965–66,5,1. FC Köln,44,34,19,6,9,74,41,33,Cologne
1965–66,6,1. FC Nürnberg,39,34,14,11,9,54,43,11,Nuremberg
1965–66,7,Eintracht Frankfurt,38,34,16,6,12,64,46,18,Frankfurt
1965–66,8,MSV Duisburg,36,34,14,8,12,70,48,22,Duisburg
1965–66,9,Hamburger SV,34,34,13,8,13,64,52,12,Hamburg
1965–66,10,Eintracht Braunschweig,34,34,11,12,11,49,49,0,Braunschweig
1965–66,11,VfB Stuttgart,32,34,13,6,15,42,48,-6,Stuttgart
1965–66,12,Hannover 96,30,34,11,8,15,59,57,2,Hanover
1965–66,13,Borussia Mönchengladbach,29,34,9,11,14,57,68,-11,Mönchengladbach
1965–66,14,FC Schalke 04,27,34,10,7,17,33,55,-22,Gelsenkirchen
1965–66,15,1. FC Kaiserslautern,26,34,8,10,16,42,65,-23,Kaiserslautern
1965–66,16,Karlsruher SC,24,34,9,6,19,35,71,-36,Karlsruhe
1965–66,17,Borussia Neunkirchen,22,34,9,4,21,32,82,-50,Neunkirchen
1965–66,18,Tasmania Berlin,8,34,2,4,28,15,108,-93,Berlin
1966–67,1,Eintracht Braunschweig,43,34,17,9,8,49,27,22,Braunschweig
1966–67,2,TSV 1860 Munich,41,34,17,7,10,60,47,13,Munich
1966–67,3,Borussia Dortmund,39,34,15,9,10,70,41,29,Dortmund
1966–67,4,Eintracht Frankfurt,39,34,15,9,10,66,49,17,Frankfurt
1966–67,5,1. FC Kaiserslautern,38,34,13,12,9,43,42,1,Kaiserslautern
1966–67,6,FC Bayern Munich,37,34,16,5,13,62,47,15,Munich
1966–67,7,1. FC Köln,37,34,14,9,11,48,48,0,Cologne
1966–67,8,Borussia Mönchengladbach,34,34,12,10,12,70,49,21,Mönchengladbach
1966–67,9,Hannover 96,34,34,13,8,13,40,46,-6,Hanover
1966–67,10,1. FC Nürnberg,34,34,12,10,12,43,50,-7,Nuremberg
1966–67,11,MSV Duisburg,33,34,10,13,11,40,42,-2,Duisburg
1966–67,12,VfB Stuttgart,33,34,10,13,11,48,54,-6,Stuttgart
1966–67,13,Karlsruher SC,31,34,11,9,14,54,62,-8,Karlsruhe
1966–67,14,Hamburger SV,30,34,10,10,14,37,53,-16,Hamburg
1966–67,15,FC Schalke 04,30,34,12,6,16,37,63,-26,Gelsenkirchen
1966–67,16,Werder Bremen,29,34,10,9,15,49,56,-7,Bremen
1966–67,17,Fortuna Düsseldorf,25,34,9,7,18,44,66,-22,Düsseldorf
1966–67,18,Rot-Weiss Essen,25,34,6,13,15,35,53,-18,Essen
1967–68,1,1. FC Nürnberg,47,34,19,9,6,71,37,34,Nuremberg
1967–68,2,Werder Bremen,44,34,18,8,8,68,51,17,Bremen
1967–68,3,Borussia Mönchengladbach,42,34,15,12,7,77,45,32,Mönchengladbach
1967–68,4,1. FC Köln,38,34,17,4,13,68,52,16,Cologne
1967–68,5,FC Bayern Munich,38,34,16,6,12,68,58,10,Munich
1967–68,6,Eintracht Frankfurt,38,34,15,8,11,58,51,7,Frankfurt
1967–68,7,MSV Duisburg,36,34,13,10,11,69,58,11,Duisburg
1967–68,8,VfB Stuttgart,35,34,14,7,13,65,54,11,Stuttgart
1967–68,9,Eintracht Braunschweig,35,34,15,5,14,37,39,-2,Braunschweig
1967–68,10,Hannover 96,34,34,12,10,12,48,52,-4,Hanover
1967–68,11,Alemannia Aachen,34,34,13,8,13,52,66,-14,Aachen
1967–68,12,TSV 1860 Munich,33,34,11,11,12,55,39,16,Munich
1967–68,13,Hamburger SV,33,34,11,11,12,51,54,-3,Hamburg
1967–68,14,Borussia Dortmund,31,34,12,7,15,60,59,1,Dortmund
1967–68,15,FC Schalke 04,30,34,11,8,15,42,48,-6,Gelsenkirchen
1967–68,16,1. FC Kaiserslautern,28,34,8,12,14,39,67,-28,Kaiserslautern
1967–68,17,Borussia Neunkirchen,19,34,7,5,22,33,93,-60,Neunkirchen
1967–68,18,Karlsruher SC,17,34,6,5,23,32,70,-38,Karlsruhe
1968–69,1,FC Bayern Munich,46,34,18,10,6,61,31,30,Munich
1968–69,2,Alemannia Aachen,38,34,16,6,12,57,51,6,Aachen
1968–69,3,Borussia Mönchengladbach,37,34,13,11,10,61,46,15,Mönchengladbach
1968–69,4,Eintracht Braunschweig,37,34,13,11,10,46,43,3,Braunschweig
1968–69,5,VfB Stuttgart,36,34,14,8,12,60,54,6,Stuttgart
1968–69,6,Hamburger SV,36,34,13,10,11,55,55,0,Hamburg
1968–69,7,FC Schalke 04,35,34,14,7,13,45,40,5,Gelsenkirchen
1968–69,8,Eintracht Frankfurt,34,34,13,8,13,46,43,3,Frankfurt
1968–69,9,Werder Bremen,34,34,14,6,14,59,59,0,Bremen
1968–69,10,TSV 1860 Munich,34,34,15,4,15,44,59,-15,Munich
1968–69,11,Hannover 96,32,34,9,14,11,47,45,2,Hanover
1968–69,12,MSV Duisburg,32,34,8,16,10,33,37,-4,Duisburg
1968–69,13,1. FC Köln,32,34,13,6,15,47,56,-9,Cologne
1968–69,14,Hertha BSC,32,34,12,8,14,31,39,-8,Berlin
1968–69,15,1. FC Kaiserslautern,30,34,12,6,16,45,47,-2,Kaiserslautern
1968–69,16,Borussia Dortmund,30,34,11,8,15,49,54,-5,Dortmund
1968–69,17,1. FC Nürnberg,29,34,9,11,14,45,55,-10,Nuremberg
1968–69,18,Kickers Offenbach,28,34,10,8,16,42,59,-17,Offenbach
1969–70,1,Borussia Mönchengladbach,51,34,23,5,6,71,29,42,Mönchengladbach
1969–70,2,FC Bayern Munich,47,34,21,5,8,88,37,51,Munich
1969–70,3,Hertha BSC,45,34,20,5,9,67,41,26,Berlin
1969–70,4,1. FC Köln,43,34,20,3,11,83,38,45,Cologne
1969–70,5,Borussia Dortmund,36,34,14,8,12,60,67,-7,Dortmund
1969–70,6,Hamburger SV,35,34,12,11,11,57,54,3,Hamburg
1969–70,7,VfB Stuttgart,35,34,14,7,13,59,62,-3,Stuttgart
1969–70,8,Eintracht Frankfurt,34,34,12,10,12,54,54,0,Frankfurt
1969–70,9,FC Schalke 04,34,34,11,12,11,43,54,-11,Gelsenkirchen
1969–70,10,1. FC Kaiserslautern,32,34,10,12,12,44,55,-11,Kaiserslautern
1969–70,11,Werder Bremen,31,34,10,11,13,38,47,-9,Bremen
1969–70,12,Rot-Weiss Essen,31,34,8,15,11,41,54,-13,Essen
1969–70,13,Hannover 96,30,34,11,8,15,49,61,-12,Hanover
1969–70,14,Rot-Weiß Oberhausen,29,34,11,7,16,50,62,-12,Oberhausen
1969–70,15,MSV Duisburg,29,34,9,11,14,35,48,-13,Duisburg
1969–70,16,Eintracht Braunschweig,28,34,9,10,15,40,49,-9,Braunschweig
1969–70,17,TSV 1860 Munich,25,34,9,7,18,41,56,-15,Munich
1969–70,18,Alemannia Aachen,17,34,5,7,22,31,83,-52,Aachen
1970–71,1,Borussia Mönchengladbach,50,34,20,10,4,77,35,42,Mönchengladbach
1970–71,2,FC Bayern Munich,48,34,19,10,5,74,36,38,Munich
1970–71,3,Hertha BSC,41,34,16,9,9,61,43,18,Berlin
1970–71,4,Eintracht Braunschweig,39,34,16,7,11,52,40,12,Braunschweig
1970–71,5,Hamburger SV,37,34,13,11,10,54,63,-9,Hamburg
1970–71,6,FC Schalke 04,36,34,15,6,13,44,40,4,Gelsenkirchen
1970–71,7,MSV Duisburg,35,34,12,11,11,43,47,-4,Duisburg
1970–71,8,1. FC Kaiserslautern,34,34,15,4,15,54,57,-3,Kaiserslautern
1970–71,9,Hannover 96,33,34,12,9,13,53,49,4,Hanover
1970–71,10,Werder Bremen,33,34,11,11,12,41,40,1,Bremen
1970–71,11,1. FC Köln,33,34,11,11,12,46,56,-10,Cologne
1970–71,12,VfB Stuttgart,30,34,11,8,15,49,49,0,Stuttgart
1970–71,13,Borussia Dortmund,29,34,10,9,15,54,60,-6,Dortmund
1970–71,14,Arminia Bielefeld,29,34,12,5,17,34,53,-19,Bielefeld
1970–71,15,Eintracht Frankfurt,28,34,11,6,17,39,56,-17,Frankfurt
1970–71,16,Rot-Weiß Oberhausen,27,34,9,9,16,54,69,-15,Oberhausen
1970–71,17,Kickers Offenbach,27,34,9,9,16,49,65,-16,Offenbach
1970–71,18,Rot-Weiss Essen,23,34,7,9,18,48,68,-20,Essen
1971–72,1,FC Bayern Munich,55,34,24,7,3,101,38,63,Munich
1971–72,2,FC Schalke 04,52,34,24,4,6,76,35,41,Gelsenkirchen
1971–72,3,Borussia Mönchengladbach,43,34,18,7,9,82,40,42,Mönchengladbach
1971–72,4,1. FC Köln,43,34,15,13,6,64,44,20,Cologne
1971–72,5,Eintracht Frankfurt,39,34,16,7,11,71,61,10,Frankfurt
1971–72,6,Hertha BSC,37,34,14,9,11,46,55,-9,Berlin
1971–72,7,1. FC Kaiserslautern,35,34,14,7,13,59,53,6,Kaiserslautern
1971–72,8,VfB Stuttgart,35,34,13,9,12,52,56,-4,Stuttgart
1971–72,9,VfL Bochum,34,34,14,6,14,59,69,-10,Bochum
1971–72,10,Hamburger SV,33,34,13,7,14,52,52,0,Hamburg
1971–72,11,Werder Bremen,31,34,11,9,14,63,58,5,Bremen
1971–72,12,Eintracht Braunschweig,31,34,8,15,11,43,48,-5,Braunschweig
1971–72,13,Fortuna Düsseldorf,30,34,10,10,14,40,53,-13,Düsseldorf
1971–72,14,MSV Duisburg,27,34,10,7,17,36,51,-15,Duisburg
1971–72,15,Rot-Weiß Oberhausen,25,34,7,11,16,33,66,-33,Oberhausen
1971–72,16,Hannover 96,23,34,10,3,21,54,69,-15,Hanover
1971–72,17,Borussia Dortmund,20,34,6,8,20,34,83,-49,Dortmund
1971–72,18,Arminia Bielefeld,0,0,0,0,0,0,0,0,Bielefeld
1972–73,1,FC Bayern Munich,54,34,25,4,5,93,29,64,Munich
1972–73,2,1. FC Köln,43,34,16,11,7,66,51,15,Cologne
1972–73,3,Fortuna Düsseldorf,42,34,15,12,7,62,45,17,Düsseldorf
1972–73,4,Wuppertaler SV,40,34,15,10,9,62,49,13,Wuppertal
1972–73,5,Borussia Mönchengladbach,39,34,17,5,12,82,61,21,Mönchengladbach
1972–73,6,VfB Stuttgart,37,34,17,3,14,71,65,6,Stuttgart
1972–73,7,Kickers Offenbach,35,34,14,7,13,61,60,1,Offenbach
1972–73,8,Eintracht Frankfurt,34,34,15,4,15,58,54,4,Frankfurt
1972–73,9,1. FC Kaiserslautern,34,34,12,10,12,58,68,-10,Kaiserslautern
1972–73,10,MSV Duisburg,33,34,12,9,13,53,54,-1,Duisburg
1972–73,11,Werder Bremen,31,34,12,7,15,50,52,-2,Bremen
1972–73,12,VfL Bochum,31,34,11,9,14,50,68,-18,Bochum
1972–73,13,Hertha BSC,30,34,11,8,15,53,64,-11,Berlin
1972–73,14,Hamburger SV,28,34,10,8,16,53,59,-6,Hamburg
1972–73,15,FC Schalke 04,28,34,10,8,16,46,61,-15,Gelsenkirchen
1972–73,16,Hannover 96,26,34,9,8,17,49,65,-16,Hanover
1972–73,17,Eintracht Braunschweig,25,34,9,7,18,33,56,-23,Braunschweig
1972–73,18,Rot-Weiß Oberhausen,22,34,9,4,21,45,84,-39,Oberhausen
1973–74,1,FC Bayern Munich,49,34,20,9,5,95,53,42,Munich
1973–74,2,Borussia Mönchengladbach,48,34,21,6,7,93,52,41,Mönchengladbach
1973–74,3,Fortuna Düsseldorf,41,34,16,9,9,61,47,14,Düsseldorf
1973–74,4,Eintracht Frankfurt,41,34,15,11,8,63,50,13,Frankfurt
1973–74,5,1. FC Köln,39,34,16,7,11,69,56,13,Cologne
1973–74,6,1. FC Kaiserslautern,38,34,15,8,11,80,69,11,Kaiserslautern
1973–74,7,FC Schalke 04,37,34,16,5,13,72,68,4,Gelsenkirchen
1973–74,8,Hertha BSC,33,34,11,11,12,56,60,-4,Berlin
1973–74,9,VfB Stuttgart,31,34,12,7,15,58,57,1,Stuttgart
1973–74,10,Kickers Offenbach,31,34,11,9,14,56,62,-6,Offenbach
1973–74,11,Werder Bremen,31,34,9,13,12,48,56,-8,Bremen
1973–74,12,Hamburger SV,31,34,13,5,16,53,62,-9,Hamburg
1973–74,13,Rot-Weiss Essen,31,34,10,11,13,56,70,-14,Essen
1973–74,14,VfL Bochum,30,34,9,12,13,45,57,-12,Bochum
1973–74,15,MSV Duisburg,29,34,11,7,16,42,56,-14,Duisburg
1973–74,16,Wuppertaler SV,25,34,8,9,17,42,65,-23,Wuppertal
1973–74,17,Fortuna Köln,25,34,8,9,17,46,79,-33,Cologne
1973–74,18,Hannover 96,22,34,6,10,18,50,66,-16,Hanover
1974–75,1,Borussia Mönchengladbach,50,34,21,8,5,86,40,46,Mönchengladbach
1974–75,2,Hertha BSC,44,34,19,6,9,61,43,18,Berlin
1974–75,3,Eintracht Frankfurt,43,34,18,7,9,89,49,40,Frankfurt
1974–75,4,Hamburger SV,43,34,18,7,9,55,38,17,Hamburg
1974–75,5,1. FC Köln,41,34,17,7,10,77,51,26,Cologne
1974–75,6,Fortuna Düsseldorf,41,34,16,9,9,66,55,11,Düsseldorf
1974–75,7,FC Schalke 04,39,34,16,7,11,52,37,15,Gelsenkirchen
1974–75,8,Kickers Offenbach,38,34,17,4,13,72,62,10,Offenbach
1974–75,9,Eintracht Braunschweig,36,34,14,8,12,52,42,10,Braunschweig
1974–75,10,FC Bayern Munich,34,34,14,6,14,57,63,-6,Munich
1974–75,11,VfL Bochum,33,34,14,5,15,53,53,0,Bochum
1974–75,12,Rot-Weiss Essen,32,34,10,12,12,56,68,-12,Essen
1974–75,13,1. FC Kaiserslautern,31,34,13,5,16,56,55,1,Kaiserslautern
1974–75,14,MSV Duisburg,30,34,12,6,16,59,77,-18,Duisburg
1974–75,15,Werder Bremen,25,34,9,7,18,45,69,-24,Bremen
1974–75,16,VfB Stuttgart,24,34,8,8,18,50,79,-29,Stuttgart
1974–75,17,Tennis Borussia Berlin,16,34,5,6,23,38,89,-51,Berlin
1974–75,18,Wuppertaler SV,12,34,2,8,24,32,86,-54,Wuppertal
1975–76,1,Borussia Mönchengladbach,45,34,16,13,5,66,37,29,Mönchengladbach
1975–76,2,Hamburger SV,41,34,17,7,10,59,32,27,Hamburg
1975–76,3,FC Bayern Munich,40,34,15,10,9,72,50,22,Munich
1975–76,4,1. FC Köln,39,34,14,11,9,62,45,17,Cologne
1975–76,5,Eintracht Braunschweig,39,34,14,11,9,52,48,4,Braunschweig
1975–76,6,FC Schalke 04,37,34,13,11,10,76,55,21,Gelsenkirchen
1975–76,7,1. FC Kaiserslautern,37,34,15,7,12,66,60,6,Kaiserslautern
1975–76,8,Rot-Weiss Essen,37,34,13,11,10,61,67,-6,Essen
1975–76,9,Eintracht Frankfurt,36,34,13,10,11,79,58,21,Frankfurt
1975–76,10,MSV Duisburg,33,34,13,7,14,55,62,-7,Duisburg
1975–76,11,Hertha BSC,32,34,11,10,13,59,61,-2,Berlin
1975–76,12,Fortuna Düsseldorf,30,34,10,10,14,47,57,-10,Düsseldorf
1975–76,13,Werder Bremen,30,34,11,8,15,44,55,-11,Bremen
1975–76,14,VfL Bochum,30,34,12,6,16,49,62,-13,Bochum
1975–76,15,Karlsruher SC,30,34,12,6,16,46,59,-13,Karlsruhe
1975–76,16,Hannover 96,27,34,9,9,16,48,60,-12,Hanover
1975–76,17,Kickers Offenbach,27,34,9,9,16,40,72,-32,Offenbach
1975–76,18,KFC Uerdingen,22,34,6,10,18,28,69,-41,Krefeld
1976–77,1,Borussia Mönchengladbach,44,34,17,10,7,58,34,24,Mönchengladbach
1976–77,2,FC Schalke 04,43,34,17,9,8,77,52,25,Gelsenkirchen
1976–77,3,Eintracht Braunschweig,43,34,15,13,6,56,38,18,Braunschweig
1976–77,4,Eintracht Frankfurt,42,34,17,8,9,86,57,29,Frankfurt
1976–77,5,1. FC Köln,40,34,17,6,11,83,61,22,Cologne
1976–77,6,Hamburger SV,38,34,14,10,10,67,56,11,Hamburg
1976–77,7,FC Bayern Munich,37,34,14,9,11,74,65,9,Munich
1976–77,8,Borussia Dortmund,34,34,12,10,12,73,64,9,Dortmund
1976–77,9,MSV Duisburg,34,34,11,12,11,60,51,9,Duisburg
1976–77,10,Hertha BSC,34,34,13,8,13,55,54,1,Berlin
1976–77,11,Werder Bremen,33,34,13,7,14,51,59,-8,Bremen
1976–77,12,Fortuna Düsseldorf,31,34,11,9,14,52,54,-2,Düsseldorf
1976–77,13,1. FC Kaiserslautern,29,34,12,5,17,53,59,-6,Kaiserslautern
1976–77,14,1. FC Saarbrücken,29,34,9,11,14,43,55,-12,Saarbrücken
1976–77,15,VfL Bochum,29,34,11,7,16,47,62,-15,Bochum
1976–77,16,Karlsruher SC,28,34,9,10,15,53,75,-22,Karlsruhe
1976–77,17,Tennis Borussia Berlin,22,34,6,10,18,47,85,-38,Berlin
1976–77,18,Rot-Weiss Essen,22,34,7,8,19,49,103,-54,Essen
1977–78,1,1. FC Köln,48,34,22,4,8,86,41,45,Cologne
1977–78,2,Borussia Mönchengladbach,48,34,20,8,6,86,44,42,Mönchengladbach
1977–78,3,Hertha BSC,40,34,15,10,9,59,48,11,Berlin
1977–78,4,VfB Stuttgart,39,34,17,5,12,58,40,18,Stuttgart
1977–78,5,Fortuna Düsseldorf,39,34,15,9,10,49,36,13,Düsseldorf
1977–78,6,MSV Duisburg,37,34,15,7,12,62,59,3,Duisburg
1977–78,7,Eintracht Frankfurt,36,34,16,4,14,59,52,7,Frankfurt
1977–78,8,1. FC Kaiserslautern,36,34,16,4,14,64,63,1,Kaiserslautern
1977–78,9,FC Schalke 04,34,34,14,6,14,47,52,-5,Gelsenkirchen
1977–78,10,Hamburger SV,34,34,14,6,14,61,67,-6,Hamburg
1977–78,11,Borussia Dortmund,33,34,14,5,15,57,71,-14,Dortmund
1977–78,12,FC Bayern Munich,32,34,11,10,13,62,64,-2,Munich
1977–78,13,Eintracht Braunschweig,32,34,14,4,16,43,53,-10,Braunschweig
1977–78,14,VfL Bochum,31,34,11,9,14,49,51,-2,Bochum
1977–78,15,Werder Bremen,31,34,13,5,16,48,57,-9,Bremen
1977–78,16,TSV 1860 Munich,22,34,7,8,19,41,60,-19,Munich
1977–78,17,1. FC Saarbrücken,22,34,6,10,18,39,70,-31,Saarbrücken
1977–78,18,FC St. Pauli,18,34,6,6,22,44,86,-42,Hamburg
1978–79,1,Hamburger SV,49,34,21,7,6,78,32,46,Hamburg
1978–79,2,VfB Stuttgart,48,34,20,8,6,73,34,39,Stuttgart
1978–79,3,1. FC Kaiserslautern,43,34,16,11,7,62,47,15,Kaiserslautern
1978–79,4,FC Bayern Munich,40,34,16,8,10,69,46,23,Munich
1978–79,5,Eintracht Frankfurt,39,34,16,7,11,50,49,1,Frankfurt
1978–79,6,1. FC Köln,38,34,13,12,9,55,47,8,Cologne
1978–79,7,Fortuna Düsseldorf,37,34,13,11,10,70,59,11,Düsseldorf
1978–79,8,VfL Bochum,33,34,10,13,11,47,46,1,Bochum
1978–79,9,Eintracht Braunschweig,33,34,10,13,11,50,55,-5,Braunschweig
1978–79,10,Borussia Mönchengladbach,32,34,12,8,14,50,53,-3,Mönchengladbach
1978–79,11,Werder Bremen,31,34,10,11,13,48,60,-12,Bremen
1978–79,12,Borussia Dortmund,31,34,10,11,13,54,70,-16,Dortmund
1978–79,13,MSV Duisburg,30,34,12,6,16,43,56,-13,Duisburg
1978–79,14,Hertha BSC,29,34,9,11,14,40,50,-10,Berlin
1978–79,15,FC Schalke 04,28,34,9,10,15,55,61,-6,Gelsenkirchen
1978–79,16,Arminia Bielefeld,26,34,9,8,17,43,56,-13,Bielefeld
1978–79,17,1. FC Nürnberg,24,34,8,8,18,36,67,-31,Nuremberg
1978–79,18,SV Darmstadt 98,21,34,7,7,20,40,75,-35,Darmstadt
1979–80,1,FC Bayern Munich,50,34,22,6,6,84,33,51,Munich
1979–80,2,Hamburger SV,48,34,20,8,6,86,35,51,Hamburg
1979–80,3,VfB Stuttgart,41,34,18,5,11,75,53,22,Stuttgart
1979–80,4,1. FC Kaiserslautern,41,34,17,7,10,75,53,22,Kaiserslautern
1979–80,5,1. FC Köln,37,34,14,9,11,72,55,17,Cologne
1979–80,6,Borussia Dortmund,36,34,14,8,12,64,56,8,Dortmund
1979–80,7,Borussia Mönchengladbach,36,34,12,12,10,61,60,1,Mönchengladbach
1979–80,8,FC Schalke 04,33,34,12,9,13,40,51,-11,Gelsenkirchen
1979–80,9,Eintracht Frankfurt,32,34,15,2,17,65,61,4,Frankfurt
1979–80,10,VfL Bochum,32,34,13,6,15,41,44,-3,Bochum
1979–80,11,Fortuna Düsseldorf,32,34,13,6,15,62,72,-10,Düsseldorf
1979–80,12,Bayer Leverkusen,32,34,12,8,14,45,61,-16,Leverkusen
1979–80,13,TSV 1860 Munich,30,34,10,10,14,42,53,-11,Munich
1979–80,14,MSV Duisburg,29,34,11,7,16,43,57,-14,Duisburg
1979–80,15,KFC Uerdingen,29,34,12,5,17,43,61,-18,Krefeld
1979–80,16,Hertha BSC,29,34,11,7,16,41,61,-20,Berlin
1979–80,17,Werder Bremen,25,34,11,3,20,52,93,-41,Bremen
1979–80,18,Eintracht Braunschweig,20,34,6,8,20,32,64,-32,Braunschweig
1980–81,1,FC Bayern Munich,53,34,22,9,3,89,41,48,Munich
1980–81,2,Hamburger SV,49,34,21,7,6,73,43,30,Hamburg
1980–81,3,VfB Stuttgart,46,34,19,8,7,70,44,26,Stuttgart
1980–81,4,1. FC Kaiserslautern,44,34,17,10,7,60,37,23,Kaiserslautern
1980–81,5,Eintracht Frankfurt,38,34,13,12,9,61,57,4,Frankfurt
1980–81,6,Borussia Mönchengladbach,37,34,15,7,12,68,64,4,Mönchengladbach
1980–81,7,Borussia Dortmund,35,34,13,9,12,69,59,10,Dortmund
1980–81,8,1. FC Köln,34,34,12,10,12,54,55,-1,Cologne
1980–81,9,VfL Bochum,33,34,9,15,10,53,45,8,Bochum
1980–81,10,Karlsruher SC,32,34,9,14,11,56,63,-7,Karlsruhe
1980–81,11,Bayer Leverkusen,30,34,10,10,14,52,53,-1,Leverkusen
1980–81,12,MSV Duisburg,29,34,10,9,15,45,58,-13,Duisburg
1980–81,13,Fortuna Düsseldorf,28,34,10,8,16,57,64,-7,Düsseldorf
1980–81,14,1. FC Nürnberg,28,34,11,6,17,47,57,-10,Nuremberg
1980–81,15,Arminia Bielefeld,26,34,10,6,18,46,65,-19,Bielefeld
1980–81,16,TSV 1860 Munich,25,34,9,7,18,49,67,-18,Munich
1980–81,17,FC Schalke 04,23,34,8,7,19,43,88,-45,Gelsenkirchen
1980–81,18,KFC Uerdingen,22,34,8,6,20,47,79,-32,Krefeld
1981–82,1,Hamburger SV,48,34,18,12,4,95,45,50,Hamburg
1981–82,2,1. FC Köln,45,34,18,9,7,72,38,34,Cologne
1981–82,3,FC Bayern Munich,43,34,20,3,11,77,56,21,Munich
1981–82,4,1. FC Kaiserslautern,42,34,16,10,8,70,61,9,Kaiserslautern
1981–82,5,Werder Bremen,42,34,17,8,9,61,52,9,Bremen
1981–82,6,Borussia Dortmund,41,34,18,5,11,59,40,19,Dortmund
1981–82,7,Borussia Mönchengladbach,40,34,15,10,9,61,51,10,Mönchengladbach
1981–82,8,Eintracht Frankfurt,37,34,17,3,14,83,72,11,Frankfurt
1981–82,9,VfB Stuttgart,35,34,13,9,12,62,55,7,Stuttgart
1981–82,10,VfL Bochum,32,34,12,8,14,52,51,1,Bochum
1981–82,11,Eintracht Braunschweig,32,34,14,4,16,61,66,-5,Braunschweig
1981–82,12,Arminia Bielefeld,30,34,12,6,16,46,50,-4,Bielefeld
1981–82,13,1. FC Nürnberg,28,34,11,6,17,53,72,-19,Nuremberg
1981–82,14,Karlsruher SC,27,34,9,9,16,50,68,-18,Karlsruhe
1981–82,15,Fortuna Düsseldorf,25,34,6,13,15,48,73,-25,Düsseldorf
1981–82,16,Bayer Leverkusen,25,34,9,7,18,45,72,-27,Leverkusen
1981–82,17,SV Darmstadt,21,34,5,11,18,46,82,-36,Darmstadt
1981–82,18,MSV Duisburg,19,34,8,3,23,40,77,-37,Duisburg
1982–83,1,Hamburger SV,52,34,20,12,2,79,33,46,Hamburg
1982–83,2,Werder Bremen,52,34,23,6,5,76,38,38,Bremen
1982–83,3,VfB Stuttgart,48,34,20,8,6,80,47,33,Stuttgart
1982–83,4,FC Bayern Munich,44,34,17,10,7,74,33,41,Munich
1982–83,5,1. FC Köln,43,34,17,9,8,69,42,27,Cologne
1982–83,6,1. FC Kaiserslautern,41,34,14,13,7,57,44,13,Kaiserslautern
1982–83,7,Borussia Dortmund,39,34,16,7,11,78,62,16,Dortmund
1982–83,8,Arminia Bielefeld,31,34,12,7,15,46,71,-25,Bielefeld
1982–83,9,Fortuna Düsseldorf,30,34,11,8,15,63,75,-12,Düsseldorf
1982–83,10,Eintracht Frankfurt,29,34,12,5,17,48,57,-9,Frankfurt
1982–83,11,Bayer Leverkusen,29,34,10,9,15,43,66,-23,Leverkusen
1982–83,12,Borussia Mönchengladbach,28,34,12,4,18,64,63,1,Mönchengladbach
1982–83,13,VfL Bochum,28,34,8,12,14,43,49,-6,Bochum
1982–83,14,1. FC Nürnberg,28,34,11,6,17,44,70,-26,Nuremberg
1982–83,15,Eintracht Braunschweig,27,34,8,11,15,42,65,-23,Braunschweig
1982–83,16,FC Schalke 04,22,34,8,6,20,48,68,-20,Gelsenkirchen
1982–83,17,Karlsruher SC,21,34,7,7,20,39,86,-47,Karlsruhe
1982–83,18,Hertha BSC,20,34,5,10,19,43,67,-24,Berlin
1983–84,1,VfB Stuttgart,48,34,19,10,5,79,33,46,Stuttgart
1983–84,2,Hamburger SV,48,34,21,6,7,75,36,39,Hamburg
1983–84,3,Borussia Mönchengladbach,48,34,21,6,7,81,48,33,Mönchengladbach
1983–84,4,FC Bayern Munich,47,34,20,7,7,84,41,43,Munich
1983–84,5,Werder Bremen,45,34,19,7,8,79,46,33,Bremen
1983–84,6,1. FC Köln,38,34,16,6,12,70,57,13,Cologne
1983–84,7,Bayer Leverkusen,34,34,13,8,13,50,50,0,Leverkusen
1983–84,8,Arminia Bielefeld,33,34,12,9,13,40,49,-9,Bielefeld
1983–84,9,Eintracht Braunschweig,32,34,13,6,15,54,69,-15,Braunschweig
1983–84,10,KFC Uerdingen,31,34,12,7,15,66,79,-13,Krefeld
1983–84,11,Waldhof Mannheim,31,34,10,11,13,45,58,-13,Mannheim
1983–84,12,1. FC Kaiserslautern,30,34,12,6,16,68,69,-1,Kaiserslautern
1983–84,13,Borussia Dortmund,30,34,11,8,15,54,65,-11,Dortmund
1983–84,14,Fortuna Düsseldorf,29,34,11,7,16,63,75,-12,Düsseldorf
1983–84,15,VfL Bochum,28,34,10,8,16,58,70,-12,Bochum
1983–84,16,Eintracht Frankfurt,27,34,7,13,14,45,61,-16,Frankfurt
1983–84,17,Kickers Offenbach,19,34,7,5,22,48,106,-58,Offenbach
1983–84,18,1. FC Nürnberg,14,34,6,2,26,38,85,-47,Nuremberg
1984–85,1,FC Bayern Munich,50,34,21,8,5,79,38,41,Munich
1984–85,2,Werder Bremen,46,34,18,10,6,87,51,36,Bremen
1984–85,3,1. FC Köln,40,34,18,4,12,69,66,3,Cologne
1984–85,4,Borussia Mönchengladbach,39,34,15,9,10,77,53,24,Mönchengladbach
1984–85,5,Hamburger SV,37,34,14,9,11,58,49,9,Hamburg
1984–85,6,Waldhof Mannheim,37,34,13,11,10,47,50,-3,Mannheim
1984–85,7,KFC Uerdingen,36,34,14,8,12,57,52,5,Krefeld
1984–85,8,FC Schalke 04,34,34,13,8,13,63,62,1,Gelsenkirchen
1984–85,9,VfL Bochum,34,34,12,10,12,52,54,-2,Bochum
1984–85,10,VfB Stuttgart,33,34,14,5,15,79,59,20,Stuttgart
1984–85,11,1. FC Kaiserslautern,33,34,11,11,12,56,60,-4,Kaiserslautern
1984–85,12,Eintracht Frankfurt,32,34,10,12,12,62,67,-5,Frankfurt
1984–85,13,Bayer Leverkusen,31,34,9,13,12,52,54,-2,Leverkusen
1984–85,14,Borussia Dortmund,30,34,13,4,17,51,65,-14,Dortmund
1984–85,15,Fortuna Düsseldorf,29,34,10,9,15,53,66,-13,Düsseldorf
1984–85,16,Arminia Bielefeld,29,34,8,13,13,46,61,-15,Bielefeld
1984–85,17,Karlsruher SC,22,34,5,12,17,47,88,-41,Karlsruhe
1984–85,18,Eintracht Braunschweig,20,34,9,2,23,39,79,-40,Braunschweig
1985–86,1,FC Bayern Munich,49,34,21,7,6,82,31,51,Munich
1985–86,2,Werder Bremen,49,34,20,9,5,83,41,42,Bremen
1985–86,3,KFC Uerdingen,45,34,19,7,8,63,60,3,Krefeld
1985–86,4,Borussia Mönchengladbach,42,34,15,12,7,65,51,14,Mönchengladbach
1985–86,5,VfB Stuttgart,41,34,17,7,10,69,45,24,Stuttgart
1985–86,6,Bayer Leverkusen,40,34,15,10,9,63,51,12,Leverkusen
1985–86,7,Hamburger SV,39,34,17,5,12,52,35,17,Hamburg
1985–86,8,Waldhof Mannheim,33,34,11,11,12,41,44,-3,Mannheim
1985–86,9,VfL Bochum,32,34,14,4,16,55,57,-2,Bochum
1985–86,10,FC Schalke 04,30,34,11,8,15,53,58,-5,Gelsenkirchen
1985–86,11,1. FC Kaiserslautern,30,34,10,10,14,49,54,-5,Kaiserslautern
1985–86,12,1. FC Nürnberg,29,34,12,5,17,51,54,-3,Nuremberg
1985–86,13,1. FC Köln,29,34,9,11,14,46,59,-13,Cologne
1985–86,14,Fortuna Düsseldorf,29,34,11,7,16,54,78,-24,Düsseldorf
1985–86,15,Eintracht Frankfurt,28,34,7,14,13,35,49,-14,Frankfurt
1985–86,16,Borussia Dortmund,28,34,10,8,16,49,65,-16,Dortmund
1985–86,17,1. FC Saarbrücken,21,34,6,9,19,39,68,-29,Saarbrücken
1985–86,18,Hannover 96,18,34,5,8,21,43,92,-49,Hanover
1986–87,1,FC Bayern Munich,53,34,20,13,1,67,31,36,Munich
1986–87,2,Hamburger SV,47,34,19,9,6,69,37,32,Hamburg
1986–87,3,Borussia Mönchengladbach,43,34,18,7,9,74,44,30,Mönchengladbach
1986–87,4,Borussia Dortmund,40,34,15,10,9,70,50,20,Dortmund
1986–87,5,Werder Bremen,40,34,17,6,11,65,54,11,Bremen
1986–87,6,Bayer Leverkusen,39,34,16,7,11,56,38,18,Leverkusen
1986–87,7,1. FC Kaiserslautern,37,34,15,7,12,64,51,13,Kaiserslautern
1986–87,8,KFC Uerdingen,35,34,12,11,11,51,49,2,Krefeld
1986–87,9,1. FC Nürnberg,35,34,12,11,11,62,62,0,Nuremberg
1986–87,10,1. FC Köln,35,34,13,9,12,50,53,-3,Cologne
1986–87,11,VfL Bochum,32,34,9,14,11,52,44,8,Bochum
1986–87,12,VfB Stuttgart,32,34,13,6,15,55,49,6,Stuttgart
1986–87,13,FC Schalke 04,32,34,12,8,14,50,58,-8,Gelsenkirchen
1986–87,14,Waldhof Mannheim,28,34,10,8,16,52,71,-19,Mannheim
1986–87,15,Eintracht Frankfurt,25,34,8,9,17,42,53,-11,Frankfurt
1986–87,16,FC 08 Homburg,21,34,6,9,19,33,79,-46,Homburg
1986–87,17,Fortuna Düsseldorf,20,34,7,6,21,42,91,-49,Düsseldorf
1986–87,18,Blau-Weiß 90 Berlin,18,34,3,12,19,36,76,-40,Berlin
1987–88,1,Werder Bremen,52,34,22,8,4,61,22,39,Bremen
1987–88,2,FC Bayern Munich,48,34,22,4,8,83,45,38,Munich
1987–88,3,1. FC Köln,48,34,18,12,4,57,28,29,Cologne
1987–88,4,VfB Stuttgart,40,34,16,8,10,69,49,20,Stuttgart
1987–88,5,1. FC Nürnberg,37,34,13,11,10,44,40,4,Nuremberg
1987–88,6,Hamburger SV,37,34,13,11,10,63,68,-5,Hamburg
1987–88,7,Borussia Mönchengladbach,33,34,14,5,15,55,53,2,Mönchengladbach
1987–88,8,Bayer Leverkusen,32,34,10,12,12,53,60,-7,Leverkusen
1987–88,9,Eintracht Frankfurt,31,34,10,11,13,51,50,1,Frankfurt
1987–88,10,Hannover 96,31,34,12,7,15,59,60,-1,Hanover
1987–88,11,KFC Uerdingen,31,34,11,9,14,59,61,-2,Krefeld
1987–88,12,VfL Bochum,30,34,10,10,14,47,51,-4,Bochum
1987–88,13,Borussia Dortmund,29,34,9,11,14,51,54,-3,Dortmund
1987–88,14,1. FC Kaiserslautern,29,34,11,7,16,53,62,-9,Kaiserslautern
1987–88,15,Karlsruher SC,29,34,9,11,14,37,55,-18,Karlsruhe
1987–88,16,Waldhof Mannheim,28,34,7,14,13,35,50,-15,Mannheim
1987–88,17,FC 08 Homburg,24,34,7,10,17,37,70,-33,Homburg
1987–88,18,FC Schalke 04,23,34,8,7,19,48,84,-36,Gelsenkirchen
1988–89,1,FC Bayern Munich,50,34,19,12,3,67,26,41,Munich
1988–89,2,1. FC Köln,45,34,18,9,7,58,30,28,Cologne
1988–89,3,Werder Bremen,44,34,18,8,8,55,32,23,Bremen
1988–89,4,Hamburger SV,43,34,17,9,8,60,36,24,Hamburg
1988–89,5,VfB Stuttgart,39,34,16,7,11,58,49,9,Stuttgart
1988–89,6,Borussia Mönchengladbach,38,34,12,14,8,44,43,1,Mönchengladbach
1988–89,7,Borussia Dortmund,37,34,12,13,9,56,40,16,Dortmund
1988–89,8,Bayer Leverkusen,34,34,10,14,10,45,44,1,Leverkusen
1988–89,9,1. FC Kaiserslautern,33,34,10,13,11,47,44,3,Kaiserslautern
1988–89,10,FC St. Pauli,32,34,9,14,11,41,42,-1,Hamburg
1988–89,11,Karlsruher SC,32,34,12,8,14,48,51,-3,Karlsruhe
1988–89,12,Waldhof Mannheim,31,34,10,11,13,43,52,-9,Mannheim
1988–89,13,KFC Uerdingen,31,34,10,11,13,50,60,-10,Krefeld
1988–89,14,1. FC Nürnberg,26,34,8,10,16,36,54,-18,Nuremberg
1988–89,15,VfL Bochum,26,34,9,8,17,37,57,-20,Bochum
1988–89,16,Eintracht Frankfurt,26,34,8,10,16,30,53,-23,Frankfurt
1988–89,17,Stuttgarter Kickers,26,34,10,6,18,41,68,-27,Stuttgart
1988–89,18,Hannover 96,19,34,4,11,19,36,71,-35,Hanover
1989–90,1,FC Bayern Munich,49,34,19,11,4,64,28,36,Munich
1989–90,2,1. FC Köln,43,34,17,9,8,54,44,10,Cologne
1989–90,3,Eintracht Frankfurt,41,34,15,11,8,61,40,21,Frankfurt
1989–90,4,Borussia Dortmund,41,34,15,11,8,51,35,16,Dortmund
1989–90,5,Bayer Leverkusen,39,34,12,15,7,40,32,8,Leverkusen
1989–90,6,VfB Stuttgart,36,34,15,6,13,53,47,6,Stuttgart
1989–90,7,Werder Bremen,34,34,10,14,10,49,41,8,Bremen
1989–90,8,1. FC Nürnberg,33,34,11,11,12,42,46,-4,Nuremberg
1989–90,9,Fortuna Düsseldorf,32,34,10,12,12,41,41,0,Düsseldorf
1989–90,10,Karlsruher SC,32,34,10,12,12,32,39,-7,Karlsruhe
1989–90,11,Hamburger SV,31,34,13,5,16,39,46,-7,Hamburg
1989–90,12,1. FC Kaiserslautern,31,34,10,11,13,42,55,-13,Kaiserslautern
1989–90,13,FC St. Pauli,31,34,9,13,12,31,46,-15,Hamburg
1989–90,14,KFC Uerdingen,30,34,10,10,14,41,48,-7,Krefeld
1989–90,15,Borussia Mönchengladbach,30,34,11,8,15,37,45,-8,Mönchengladbach
1989–90,16,VfL Bochum,29,34,11,7,16,44,53,-9,Bochum
1989–90,17,Waldhof Mannheim,26,34,10,6,18,36,53,-17,Mannheim
1989–90,18,FC 08 Homburg,24,34,8,8,18,33,51,-18,Homburg
1990–91,1,1. FC Kaiserslautern,48,34,19,10,5,72,45,27,Kaiserslautern
1990–91,2,FC Bayern Munich,45,34,18,9,7,74,41,33,Munich
1990–91,3,Werder Bremen,42,34,14,14,6,46,29,17,Bremen
1990–91,4,Eintracht Frankfurt,40,34,15,10,9,63,40,23,Frankfurt
1990–91,5,Hamburger SV,40,34,16,8,10,60,38,22,Hamburg
1990–91,6,VfB Stuttgart,38,34,14,10,10,57,44,13,Stuttgart
1990–91,7,1. FC Köln,37,34,13,11,10,50,43,7,Cologne
1990–91,8,Bayer Leverkusen,35,34,11,13,10,47,46,1,Leverkusen
1990–91,9,Borussia Mönchengladbach,35,34,9,17,8,49,54,-5,Mönchengladbach
1990–91,10,Borussia Dortmund,34,34,10,14,10,46,57,-11,Dortmund
1990–91,11,SG Wattenscheid 09,33,34,9,15,10,42,51,-9,Bochum
1990–91,12,Fortuna Düsseldorf,32,34,11,10,13,40,49,-9,Düsseldorf
1990–91,13,Karlsruher SC,31,34,8,15,11,46,52,-6,Karlsruhe
1990–91,14,VfL Bochum,29,34,9,11,14,50,52,-2,Bochum
1990–91,15,1. FC Nürnberg,29,34,10,9,15,40,54,-14,Nuremberg
1990–91,16,FC St. Pauli,27,34,6,15,13,33,53,-20,Hamburg
1990–91,17,KFC Uerdingen,23,34,5,13,16,34,54,-20,Krefeld
1990–91,18,Hertha BSC,14,34,3,8,23,37,84,-47,Berlin
1991–92,1,VfB Stuttgart,52,38,21,10,7,62,32,30,Stuttgart
1991–92,2,Borussia Dortmund,52,38,20,12,6,66,47,19,Dortmund
1991–92,3,Eintracht Frankfurt,50,38,18,14,6,76,41,35,Frankfurt
1991–92,4,1. FC Köln,44,38,13,18,7,58,41,17,Cologne
1991–92,5,1. FC Kaiserslautern,44,38,17,10,11,58,42,16,Kaiserslautern
1991–92,6,Bayer Leverkusen,43,38,15,13,10,53,39,14,Leverkusen
1991–92,7,1. FC Nürnberg,43,38,18,7,13,54,51,3,Nuremberg
1991–92,8,Karlsruher SC,41,38,16,9,13,48,50,-2,Karlsruhe
1991–92,9,Werder Bremen,38,38,11,16,11,44,45,-1,Bremen
1991–92,10,FC Bayern Munich,36,38,13,10,15,59,61,-2,Munich
1991–92,11,FC Schalke 04,34,38,11,12,15,45,45,0,Gelsenkirchen
1991–92,12,Hamburger SV,34,38,9,16,13,32,43,-11,Hamburg
1991–92,13,Borussia Mönchengladbach,34,38,10,14,14,37,49,-12,Mönchengladbach
1991–92,14,Dynamo Dresden,34,38,12,10,16,34,50,-16,Dresden
1991–92,15,VfL Bochum,33,38,10,13,15,38,55,-17,Bochum
1991–92,16,SG Wattenscheid 09,32,38,9,14,15,50,60,-10,Bochum
1991–92,17,Stuttgarter Kickers,31,38,10,11,17,53,64,-11,Stuttgart
1991–92,18,Hansa Rostock,31,38,10,11,17,43,55,-12,Rostock
1991–92,19,MSV Duisburg,30,38,7,16,15,43,55,-12,Duisburg
1991–92,20,Fortuna Düsseldorf,24,38,6,12,20,41,69,-28,Düsseldorf
1992–93,1,Werder Bremen,48,34,19,10,5,63,30,33,Bremen
1992–93,2,FC Bayern Munich,47,34,18,11,5,74,45,29,Munich
1992–93,3,Eintracht Frankfurt,42,34,15,12,7,56,39,17,Frankfurt
1992–93,4,Borussia Dortmund,41,34,18,5,11,61,43,18,Dortmund
1992–93,5,Bayer Leverkusen,40,34,14,12,8,64,45,19,Leverkusen
1992–93,6,Karlsruher SC,39,34,14,11,9,60,54,6,Karlsruhe
1992–93,7,VfB Stuttgart,36,34,12,12,10,56,50,6,Stuttgart
1992–93,8,1. FC Kaiserslautern,35,34,13,9,12,50,40,10,Kaiserslautern
1992–93,9,Borussia Mönchengladbach,35,34,13,9,12,59,59,0,Mönchengladbach
1992–93,10,FC Schalke 04,34,34,11,12,11,42,43,-1,Gelsenkirchen
1992–93,11,Hamburger SV,31,34,8,15,11,42,44,-2,Hamburg
1992–93,12,1. FC Köln,28,34,12,4,18,41,51,-10,Cologne
1992–93,13,1. FC Nürnberg,28,34,10,8,16,30,47,-17,Nuremberg
1992–93,14,SG Wattenscheid 09,28,34,10,8,16,46,67,-21,Bochum
1992–93,15,Dynamo Dresden,27,34,7,13,14,32,49,-17,Dresden
1992–93,16,VfL Bochum,26,34,8,10,16,45,52,-7,Bochum
1992–93,17,KFC Uerdingen,24,34,7,10,17,35,64,-29,Krefeld
1992–93,18,1. FC Saarbrücken,23,34,5,13,16,37,71,-34,Saarbrücken
1993–94,1,FC Bayern Munich,44,34,17,10,7,68,37,31,Munich
1993–94,2,1. FC Kaiserslautern,43,34,18,7,9,64,36,28,Kaiserslautern
1993–94,3,Bayer Leverkusen,39,34,14,11,9,60,47,13,Leverkusen
1993–94,4,Borussia Dortmund,39,34,15,9,10,49,45,4,Dortmund
1993–94,5,Eintracht Frankfurt,38,34,15,8,11,57,41,16,Frankfurt
1993–94,6,Karlsruher SC,38,34,14,10,10,46,43,3,Karlsruhe
1993–94,7,VfB Stuttgart,37,34,13,11,10,51,43,8,Stuttgart
1993–94,8,Werder Bremen,36,34,13,10,11,51,44,7,Bremen
1993–94,9,MSV Duisburg,36,34,14,8,12,41,52,-11,Duisburg
1993–94,10,Borussia Mönchengladbach,35,34,14,7,13,65,59,6,Mönchengladbach
1993–94,11,1. FC Köln,34,34,14,6,14,49,51,-2,Cologne
1993–94,12,Hamburger SV,34,34,13,8,13,48,52,-4,Hamburg
1993–94,13,Dynamo Dresden,30,34,10,14,10,33,44,-11,Dresden
1993–94,14,FC Schalke 04,29,34,10,9,15,38,50,-12,Gelsenkirchen
1993–94,15,SC Freiburg,28,34,10,8,16,54,57,-3,Freiburg
1993–94,16,1. FC Nürnberg,28,34,10,8,16,41,55,-14,Nuremberg
1993–94,17,SG Wattenscheid 09,23,34,6,11,17,48,70,-22,Bochum
1993–94,18,VfB Leipzig,17,34,3,11,20,32,69,-37,Leipzig
1994–95,1,Borussia Dortmund,49,34,20,9,5,67,33,34,Dortmund
1994–95,2,Werder Bremen,48,34,20,8,6,70,39,31,Bremen
1994–95,3,SC Freiburg,46,34,20,6,8,66,44,22,Freiburg
1994–95,4,1. FC Kaiserslautern,46,34,17,12,5,58,41,17,Kaiserslautern
1994–95,5,Borussia Mönchengladbach,43,34,17,9,8,66,41,25,Mönchengladbach
1994–95,6,FC Bayern Munich,43,34,15,13,6,55,41,14,Munich
1994–95,7,Bayer Leverkusen,36,34,13,10,11,62,51,11,Leverkusen
1994–95,8,Karlsruher SC,36,34,11,14,9,51,47,4,Karlsruhe
1994–95,9,Eintracht Frankfurt,33,34,12,9,13,41,49,-8,Frankfurt
1994–95,10,1. FC Köln,32,34,11,10,13,54,54,0,Cologne
1994–95,11,FC Schalke 04,31,34,10,11,13,48,54,-6,Gelsenkirchen
1994–95,12,VfB Stuttgart,30,34,10,10,14,52,66,-14,Stuttgart
1994–95,13,Hamburger SV,29,34,10,9,15,43,50,-7,Hamburg
1994–95,14,TSV 1860 Munich,27,34,8,11,15,41,57,-16,Munich
1994–95,15,KFC Uerdingen,25,34,7,11,16,37,52,-15,Krefeld
1994–95,16,VfL Bochum,22,34,9,4,21,43,67,-24,Bochum
1994–95,17,MSV Duisburg,20,34,6,8,20,31,64,-33,Duisburg
1994–95,18,Dynamo Dresden,16,34,4,8,22,33,68,-35,Dresden
1995–96,1,Borussia Dortmund,68,34,19,11,4,76,38,38,Dortmund
1995–96,2,FC Bayern Munich,62,34,19,5,10,66,46,20,Munich
1995–96,3,FC Schalke 04,56,34,14,14,6,45,36,9,Gelsenkirchen
1995–96,4,Borussia Mönchengladbach,53,34,15,8,11,52,51,1,Mönchengladbach
1995–96,5,Hamburger SV,50,34,12,14,8,52,47,5,Hamburg
1995–96,6,Hansa Rostock,49,34,13,10,11,47,43,4,Rostock
1995–96,7,Karlsruher SC,48,34,12,12,10,53,47,6,Karlsruhe
1995–96,8,TSV 1860 Munich,45,34,11,12,11,52,46,6,Munich
1995–96,9,Werder Bremen,44,34,10,14,10,39,42,-3,Bremen
1995–96,10,VfB Stuttgart,43,34,10,13,11,59,62,-3,Stuttgart
1995–96,11,SC Freiburg,42,34,11,9,14,30,41,-11,Freiburg
1995–96,12,1. FC Köln,40,34,9,13,12,33,35,-2,Cologne
1995–96,13,Fortuna Düsseldorf,40,34,8,16,10,40,47,-7,Düsseldorf
1995–96,14,Bayer Leverkusen,38,34,8,14,12,37,38,-1,Leverkusen
1995–96,15,FC St. Pauli,38,34,9,11,14,43,51,-8,Hamburg
1995–96,16,1. FC Kaiserslautern,36,34,6,18,10,31,37,-6,Kaiserslautern
1995–96,17,Eintracht Frankfurt,32,34,7,11,16,43,68,-25,Frankfurt
1995–96,18,KFC Uerdingen,26,34,5,11,18,33,56,-23,Krefeld
1996–97,1,FC Bayern Munich,71,34,20,11,3,68,34,34,Munich
1996–97,2,Bayer Leverkusen,69,34,21,6,7,69,41,28,Leverkusen
1996–97,3,Borussia Dortmund,63,34,19,6,9,63,41,22,Dortmund
1996–97,4,VfB Stuttgart,61,34,18,7,9,78,40,38,Stuttgart
1996–97,5,VfL Bochum,53,34,14,11,9,54,51,3,Bochum
1996–97,6,Karlsruher SC,49,34,13,10,11,55,44,11,Karlsruhe
1996–97,7,TSV 1860 Munich,49,34,13,10,11,56,56,0,Munich
1996–97,8,Werder Bremen,48,34,14,6,14,53,52,1,Bremen
1996–97,9,MSV Duisburg,45,34,12,9,13,44,49,-5,Duisburg
1996–97,10,1. FC Köln,44,34,13,5,16,62,62,0,Cologne
1996–97,11,Borussia Mönchengladbach,43,34,12,7,15,46,48,-2,Mönchengladbach
1996–97,12,FC Schalke 04,43,34,11,10,13,35,40,-5,Gelsenkirchen
1996–97,13,Hamburger SV,41,34,10,11,13,46,60,-14,Hamburg
1996–97,14,Arminia Bielefeld,40,34,11,7,16,46,54,-8,Bielefeld
1996–97,15,Hansa Rostock,40,34,11,7,16,35,46,-11,Rostock
1996–97,16,Fortuna Düsseldorf,33,34,9,6,19,26,57,-31,Düsseldorf
1996–97,17,SC Freiburg,29,34,8,5,21,43,67,-24,Freiburg
1996–97,18,FC St. Pauli,27,34,7,6,21,32,69,-37,Hamburg
1997–98,1,1. FC Kaiserslautern,68,34,19,11,4,63,39,24,Kaiserslautern
1997–98,2,FC Bayern Munich,66,34,19,9,6,69,37,32,Munich
1997–98,3,Bayer Leverkusen,55,34,14,13,7,66,39,27,Leverkusen
1997–98,4,VfB Stuttgart,52,34,14,10,10,55,49,6,Stuttgart
1997–98,5,FC Schalke 04,52,34,13,13,8,38,32,6,Gelsenkirchen
1997–98,6,Hansa Rostock,51,34,14,9,11,54,46,8,Rostock
1997–98,7,Werder Bremen,50,34,14,8,12,43,47,-4,Bremen
1997–98,8,MSV Duisburg,44,34,11,11,12,43,44,-1,Duisburg
1997–98,9,Hamburger SV,44,34,11,11,12,38,46,-8,Hamburg
1997–98,10,Borussia Dortmund,43,34,11,10,13,57,55,2,Dortmund
1997–98,11,Hertha BSC,43,34,12,7,15,41,53,-12,Berlin
1997–98,12,VfL Bochum,41,34,11,8,15,41,49,-8,Bochum
1997–98,13,TSV 1860 Munich,41,34,11,8,15,43,54,-11,Munich
1997–98,14,VfL Wolfsburg,39,34,11,6,17,38,54,-16,Wolfsburg
1997–98,15,Borussia Mönchengladbach,38,34,9,11,14,54,59,-5,Mönchengladbach
1997–98,16,Karlsruher SC,38,34,9,11,14,48,60,-12,Karlsruhe
1997–98,17,1. FC Köln,36,34,10,6,18,49,64,-15,Cologne
1997–98,18,Arminia Bielefeld,32,34,8,8,18,43,56,-13,Bielefeld
1998–99,1,FC Bayern Munich,78,34,24,6,4,76,28,48,Munich
1998–99,2,Bayer Leverkusen,63,34,17,12,5,61,30,31,Leverkusen
1998–99,3,Hertha BSC,62,34,18,8,8,59,32,27,Berlin
1998–99,4,Borussia Dortmund,57,34,16,9,9,48,34,14,Dortmund
1998–99,5,1. FC Kaiserslautern,57,34,17,6,11,51,47,4,Kaiserslautern
1998–99,6,VfL Wolfsburg,55,34,15,10,9,54,49,5,Wolfsburg
1998–99,7,Hamburger SV,50,34,13,11,10,47,46,1,Hamburg
1998–99,8,MSV Duisburg,49,34,13,10,11,48,45,3,Duisburg
1998–99,9,TSV 1860 Munich,41,34,11,8,15,49,56,-7,Munich
1998–99,10,FC Schalke 04,41,34,10,11,13,41,54,-13,Gelsenkirchen
1998–99,11,VfB Stuttgart,39,34,9,12,13,41,48,-7,Stuttgart
1998–99,12,SC Freiburg,39,34,10,9,15,36,44,-8,Freiburg
1998–99,13,Werder Bremen,38,34,10,8,16,41,47,-6,Bremen
1998–99,14,Hansa Rostock,38,34,9,11,14,49,58,-9,Rostock
1998–99,15,Eintracht Frankfurt,37,34,9,10,15,44,54,-10,Frankfurt
1998–99,16,1. FC Nürnberg,37,34,7,16,11,40,50,-10,Nuremberg
1998–99,17,VfL Bochum,29,34,7,8,19,40,65,-25,Bochum
1998–99,18,Borussia Mönchengladbach,21,34,4,9,21,41,79,-38,Mönchengladbach
1999–2000,1,FC Bayern Munich,73,34,22,7,5,73,28,45,Munich
1999–2000,2,Bayer Leverkusen,73,34,21,10,3,74,36,38,Leverkusen
1999–2000,3,Hamburger SV,59,34,16,11,7,63,39,24,Hamburg
1999–2000,4,TSV 1860 Munich,53,34,14,11,9,55,48,7,Munich
1999–2000,5,1. FC Kaiserslautern,50,34,15,5,14,54,59,-5,Kaiserslautern
1999–2000,6,Hertha BSC,50,34,13,11,10,39,46,-7,Berlin
1999–2000,7,VfL Wolfsburg,49,34,12,13,9,51,58,-7,Wolfsburg
1999–2000,8,VfB Stuttgart,48,34,14,6,14,44,47,-3,Stuttgart
1999–2000,9,Werder Bremen,47,34,13,8,13,65,52,13,Bremen
1999–2000,10,SpVgg Unterhaching,44,34,12,8,14,40,42,-2,Unterhaching
1999–2000,11,Borussia Dortmund,40,34,9,13,12,41,38,3,Dortmund
1999–2000,12,SC Freiburg,40,34,10,10,14,45,50,-5,Freiburg
1999–2000,13,FC Schalke 04,39[b],34,8,15,11,42,44,-2,Gelsenkirchen
1999–2000,14,Eintracht Frankfurt,39[b],34,12,5,17,42,44,-2,Frankfurt
1999–2000,15,Hansa Rostock,38,34,8,14,12,44,60,-16,Rostock
1999–2000,16,SSV Ulm 1846,35,34,9,8,17,36,62,-26,Ulm
1999–2000,17,Arminia Bielefeld,30,34,7,9,18,40,61,-21,Bielefeld
1999–2000,18,MSV Duisburg,22,34,4,10,20,37,71,-34,Duisburg
2000–01,1,FC Bayern Munich,63,34,19,6,9,62,37,25,Munich
2000–01,2,FC Schalke 04,62,34,18,8,8,65,35,30,Gelsenkirchen
2000–01,3,Borussia Dortmund,58,34,16,10,8,62,42,20,Dortmund
2000–01,4,Bayer Leverkusen,57,34,17,6,11,54,40,14,Leverkusen
2000–01,5,Hertha BSC,56,34,18,2,14,58,52,6,Berlin
2000–01,6,SC Freiburg,55,34,15,10,9,54,37,17,Freiburg
2000–01,7,Werder Bremen,53,34,15,8,11,53,48,5,Bremen
2000–01,8,1. FC Kaiserslautern,50,34,15,5,14,49,54,-5,Kaiserslautern
2000–01,9,VfL Wolfsburg,47,34,12,11,11,60,45,15,Wolfsburg
2000–01,10,1. FC Köln,46,34,12,10,12,59,52,7,Cologne
2000–01,11,TSV 1860 Munich,44,34,12,8,14,43,55,-12,Munich
2000–01,12,Hansa Rostock,43,34,12,7,15,34,47,-13,Rostock
2000–01,13,Hamburger SV,41,34,10,11,13,58,58,0,Hamburg
2000–01,14,Energie Cottbus,39,34,12,3,19,38,52,-14,Cottbus
2000–01,15,VfB Stuttgart,38,34,9,11,14,42,49,-7,Stuttgart
2000–01,16,SpVgg Unterhaching,35,34,8,11,15,35,59,-24,Unterhaching
2000–01,17,Eintracht Frankfurt,35,34,10,5,19,41,68,-27,Frankfurt
2000–01,18,VfL Bochum,27,34,7,6,21,30,67,-37,Bochum
2001–02,1,Borussia Dortmund,70,34,21,7,6,62,33,29,Dortmund
2001–02,2,Bayer Leverkusen,69,34,21,6,7,77,38,39,Leverkusen
2001–02,3,FC Bayern Munich,68,34,20,8,6,65,25,40,Munich
2001–02,4,Hertha BSC,61,34,18,7,9,61,38,23,Berlin
2001–02,5,FC Schalke 04,61,34,18,7,9,52,36,16,Gelsenkirchen
2001–02,6,Werder Bremen,56,34,17,5,12,54,43,11,Bremen
2001–02,7,1. FC Kaiserslautern,56,34,17,5,12,62,53,9,Kaiserslautern
2001–02,8,VfB Stuttgart,50,34,13,11,10,47,43,4,Stuttgart
2001–02,9,TSV 1860 Munich,50,34,15,5,14,59,59,0,Munich
2001–02,10,VfL Wolfsburg,46,34,13,7,14,57,49,8,Wolfsburg
2001–02,11,Hamburger SV,40,34,10,10,14,51,57,-6,Hamburg
2001–02,12,Borussia Mönchengladbach,39,34,9,12,13,41,53,-12,Mönchengladbach
2001–02,13,Energie Cottbus,35,34,9,8,17,36,60,-24,Cottbus
2001–02,14,Hansa Rostock,34,34,9,7,18,35,54,-19,Rostock
2001–02,15,1. FC Nürnberg,34,34,10,4,20,34,57,-23,Nuremberg
2001–02,16,SC Freiburg,30,34,7,9,18,37,64,-27,Freiburg
2001–02,17,1. FC Köln,29,34,7,8,19,26,61,-35,Cologne
2001–02,18,FC St. Pauli,22,34,4,10,20,37,70,-33,Hamburg
2002–03,1,FC Bayern Munich,75,34,23,6,5,70,25,45,Munich
2002–03,2,VfB Stuttgart,59,34,17,8,9,53,39,14,Stuttgart
2002–03,3,Borussia Dortmund,58,34,15,13,6,51,27,24,Dortmund
2002–03,4,Hamburger SV,56,34,15,11,8,46,36,10,Hamburg
2002–03,5,Hertha BSC,54,34,16,6,12,52,43,9,Berlin
2002–03,6,Werder Bremen,52,34,16,4,14,51,50,1,Bremen
2002–03,7,FC Schalke 04,49,34,12,13,9,46,40,6,Gelsenkirchen
2002–03,8,VfL Wolfsburg,46,34,13,7,14,39,42,-3,Wolfsburg
2002–03,9,VfL Bochum,45,34,12,9,13,55,56,-1,Bochum
2002–03,10,TSV 1860 Munich,45,34,12,9,13,44,52,-8,Munich
2002–03,11,Hannover 96,43,34,12,7,15,47,57,-10,Hanover
2002–03,12,Borussia Mönchengladbach,42,34,11,9,14,43,45,-2,Mönchengladbach
2002–03,13,Hansa Rostock,41,34,11,8,15,35,41,-6,Rostock
2002–03,14,1. FC Kaiserslautern,40,34,10,10,14,40,42,-2,Kaiserslautern
2002–03,15,Bayer Leverkusen,40,34,11,7,16,47,56,-9,Leverkusen
2002–03,16,Arminia Bielefeld,36,34,8,12,14,35,46,-11,Bielefeld
2002–03,17,1. FC Nürnberg,30,34,8,6,20,33,60,-27,Nuremberg
2002–03,18,Energie Cottbus,30,34,7,9,18,34,64,-30,Cottbus
2003–04,1,Werder Bremen,74,34,22,8,4,79,38,41,Bremen
2003–04,2,FC Bayern Munich,68,34,20,8,6,70,39,31,Munich
2003–04,3,Bayer Leverkusen,65,34,19,8,7,73,39,34,Leverkusen
2003–04,4,VfB Stuttgart,64,34,18,10,6,52,24,28,Stuttgart
2003–04,5,VfL Bochum,56,34,15,11,8,57,39,18,Bochum
2003–04,6,Borussia Dortmund,55,34,16,7,11,59,48,11,Dortmund
2003–04,7,FC Schalke 04,50,34,13,11,10,49,42,7,Gelsenkirchen
2003–04,8,Hamburger SV,49,34,14,7,13,47,60,-13,Hamburg
2003–04,9,Hansa Rostock,44,34,12,8,14,55,54,1,Rostock
2003–04,10,VfL Wolfsburg,42,34,13,3,18,56,61,-5,Wolfsburg
2003–04,11,Borussia Mönchengladbach,39,34,10,9,15,40,49,-9,Mönchengladbach
2003–04,12,Hertha BSC,39,34,9,12,13,42,59,-17,Berlin
2003–04,13,SC Freiburg,38,34,10,8,16,42,67,-25,Freiburg
2003–04,14,Hannover 96,37,34,9,10,15,49,63,-14,Hanover
2003–04,15,1. FC Kaiserslautern,36,34,11,6,17,39,62,-23,Kaiserslautern
2003–04,16,Eintracht Frankfurt,32,34,9,5,20,36,53,-17,Frankfurt
2003–04,17,TSV 1860 Munich,32,34,8,8,18,32,55,-23,Munich
2003–04,18,1. FC Köln,23,34,6,5,23,32,57,-25,Cologne
2004–05,1,FC Bayern Munich,77,34,24,5,5,75,33,42,Munich
2004–05,2,FC Schalke 04,63,34,20,3,11,56,46,10,Gelsenkirchen
2004–05,3,Werder Bremen,59,34,18,5,11,68,37,31,Bremen
2004–05,4,Hertha BSC,58,34,15,13,6,59,31,28,Berlin
2004–05,5,VfB Stuttgart,58,34,17,7,10,54,40,14,Stuttgart
2004–05,6,Bayer Leverkusen,57,34,16,9,9,65,44,21,Leverkusen
2004–05,7,Borussia Dortmund,55,34,15,10,9,47,44,3,Dortmund
2004–05,8,Hamburger SV,51,34,16,3,15,55,50,5,Hamburg
2004–05,9,VfL Wolfsburg,48,34,15,3,16,49,51,-2,Wolfsburg
2004–05,10,Hannover 96,45,34,13,6,15,34,36,-2,Hanover
2004–05,11,FSV Mainz 05,43,34,12,7,15,50,55,-5,Mainz
2004–05,12,1. FC Kaiserslautern,42,34,12,6,16,43,52,-9,Kaiserslautern
2004–05,13,Arminia Bielefeld,40,34,11,7,16,37,49,-12,Bielefeld
2004–05,14,1. FC Nürnberg,38,34,10,8,16,55,63,-8,Nuremberg
2004–05,15,Borussia Mönchengladbach,36,34,8,12,14,35,51,-16,Mönchengladbach
2004–05,16,VfL Bochum,35,34,9,8,17,47,68,-21,Bochum
2004–05,17,Hansa Rostock,30,34,7,9,18,31,65,-34,Rostock
2004–05,18,SC Freiburg,18,34,3,9,22,30,75,-45,Freiburg
2005–06,1,FC Bayern Munich,75,34,22,9,3,67,32,35,Munich
2005–06,2,Werder Bremen,70,34,21,7,6,79,37,42,Bremen
2005–06,3,Hamburger SV,68,34,21,5,8,53,30,23,Hamburg
2005–06,4,FC Schalke 04,61,34,16,13,5,47,31,16,Gelsenkirchen
2005–06,5,Bayer Leverkusen,52,34,14,10,10,64,49,15,Leverkusen
2005–06,6,Hertha BSC,48,34,12,12,10,52,48,4,Berlin
2005–06,7,Borussia Dortmund,46,34,11,13,10,45,42,3,Dortmund
2005–06,8,1. FC Nürnberg,44,34,12,8,14,49,51,-2,Nuremberg
2005–06,9,VfB Stuttgart,43,34,9,16,9,37,39,-2,Stuttgart
2005–06,10,Borussia Mönchengladbach,42,34,10,12,12,42,50,-8,Mönchengladbach
2005–06,11,FSV Mainz 05,38,34,9,11,14,46,47,-1,Mainz
2005–06,12,Hannover 96,38,34,7,17,10,43,47,-4,Hanover
2005–06,13,Arminia Bielefeld,37,34,10,7,17,32,47,-15,Bielefeld
2005–06,14,Eintracht Frankfurt,36,34,9,9,16,42,51,-9,Frankfurt
2005–06,15,VfL Wolfsburg,34,34,7,13,14,33,55,-22,Wolfsburg
2005–06,16,1. FC Kaiserslautern,33,34,8,9,17,47,71,-24,Kaiserslautern
2005–06,17,1. FC Köln,30,34,7,9,18,49,71,-22,Cologne
2005–06,18,MSV Duisburg,27,34,5,12,17,34,63,-29,Duisburg
2006–07,1,VfB Stuttgart,70,34,21,7,6,61,37,24,Stuttgart
2006–07,2,FC Schalke 04,68,34,21,5,8,53,32,21,Gelsenkirchen
2006–07,3,Werder Bremen,66,34,20,6,8,76,40,36,Bremen
2006–07,4,FC Bayern Munich,60,34,18,6,10,55,40,15,Munich
2006–07,5,Bayer Leverkusen,51,34,15,6,13,54,49,5,Leverkusen
2006–07,6,1. FC Nürnberg,48,34,11,15,8,43,32,11,Nuremberg
2006–07,7,Hamburger SV,45,34,10,15,9,43,37,6,Hamburg
2006–07,8,VfL Bochum,45,34,13,6,15,49,50,-1,Bochum
2006–07,9,Borussia Dortmund,44,34,12,8,14,41,43,-2,Dortmund
2006–07,10,Hertha BSC,44,34,12,8,14,50,55,-5,Berlin
2006–07,11,Hannover 96,44,34,12,8,14,41,50,-9,Hanover
2006–07,12,Arminia Bielefeld,42,34,11,9,14,47,49,-2,Bielefeld
2006–07,13,Energie Cottbus,41,34,11,8,15,38,49,-11,Cottbus
2006–07,14,Eintracht Frankfurt,40,34,9,13,12,46,58,-12,Frankfurt
2006–07,15,VfL Wolfsburg,37,34,8,13,13,37,45,-8,Wolfsburg
2006–07,16,FSV Mainz 05,34,34,8,10,16,34,57,-23,Mainz
2006–07,17,Alemannia Aachen,34,34,9,7,18,46,70,-24,Aachen
2006–07,18,Borussia Mönchengladbach,26,34,6,8,20,23,44,-21,Mönchengladbach
2007–08,1,FC Bayern Munich,76,34,22,10,2,68,21,47,Munich
2007–08,2,Werder Bremen,66,34,20,6,8,75,45,30,Bremen
2007–08,3,FC Schalke 04,64,34,18,10,6,55,32,23,Gelsenkirchen
2007–08,4,Hamburger SV,54,34,14,12,8,47,26,21,Hamburg
2007–08,5,VfL Wolfsburg,54,34,15,9,10,58,46,12,Wolfsburg
2007–08,6,VfB Stuttgart,52,34,16,4,14,57,57,0,Stuttgart
2007–08,7,Bayer Leverkusen,51,34,15,6,13,57,40,17,Leverkusen
2007–08,8,Hannover 96,49,34,13,10,11,54,56,-2,Hanover
2007–08,9,Eintracht Frankfurt,46,34,12,10,12,43,50,-7,Frankfurt
2007–08,10,Hertha BSC,44,34,12,8,14,39,44,-5,Berlin
2007–08,11,Karlsruher SC,43,34,11,10,13,38,53,-15,Karlsruhe
2007–08,12,VfL Bochum,41,34,10,11,13,48,54,-6,Bochum
2007–08,13,Borussia Dortmund,40,34,10,10,14,50,62,-12,Dortmund
2007–08,14,Energie Cottbus,36,34,9,9,16,35,56,-21,Cottbus
2007–08,15,Arminia Bielefeld,34,34,8,10,16,35,60,-25,Bielefeld
2007–08,16,1. FC Nürnberg,31,34,7,10,17,35,51,-16,Nuremberg
2007–08,17,Hansa Rostock,30,34,8,6,20,30,52,-22,Rostock
2007–08,18,MSV Duisburg,29,34,8,5,21,36,55,-19,Duisburg
2008–09,1,VfL Wolfsburg,69,34,21,6,7,80,41,39,Wolfsburg
2008–09,2,FC Bayern Munich,67,34,20,7,7,71,42,29,Munich
2008–09,3,VfB Stuttgart,64,34,19,7,8,63,43,20,Stuttgart
2008–09,4,Hertha BSC,63,34,19,6,9,48,41,7,Berlin
2008–09,5,Hamburger SV,61,34,19,4,11,49,47,2,Hamburg
2008–09,6,Borussia Dortmund,59,34,15,14,5,60,37,23,Dortmund
2008–09,7,1899 Hoffenheim,55,34,15,10,9,63,49,14,Sinsheim
2008–09,8,FC Schalke 04,50,34,14,8,12,47,35,12,Gelsenkirchen
2008–09,9,Bayer Leverkusen,49,34,14,7,13,59,46,13,Leverkusen
2008–09,10,Werder Bremen,45,34,12,9,13,64,50,14,Bremen
2008–09,11,Hannover 96,40,34,10,10,14,49,69,-20,Hanover
2008–09,12,1. FC Köln,39,34,11,6,17,35,50,-15,Cologne
2008–09,13,Eintracht Frankfurt,33,34,8,9,17,39,60,-21,Frankfurt
2008–09,14,VfL Bochum,32,34,7,11,16,39,55,-16,Bochum
2008–09,15,Borussia Mönchengladbach,31,34,8,7,19,39,62,-23,Mönchengladbach
2008–09,16,Energie Cottbus,30,34,8,6,20,30,57,-27,Cottbus
2008–09,17,Karlsruher SC,29,34,8,5,21,30,54,-24,Karlsruhe
2008–09,18,Arminia Bielefeld,28,34,4,16,14,29,56,-27,Bielefeld
2009–10,1,FC Bayern Munich,70,34,20,10,4,72,31,41,Munich
2009–10,2,FC Schalke 04,65,34,19,8,7,53,31,22,Gelsenkirchen
2009–10,3,Werder Bremen,61,34,17,10,7,71,40,31,Bremen
2009–10,4,Bayer Leverkusen,59,34,15,14,5,65,38,27,Leverkusen
2009–10,5,Borussia Dortmund,57,34,16,9,9,54,42,12,Dortmund
2009–10,6,VfB Stuttgart,55,34,15,10,9,51,41,10,Stuttgart
2009–10,7,Hamburger SV,52,34,13,13,8,56,41,15,Hamburg
2009–10,8,VfL Wolfsburg,50,34,14,8,12,64,58,6,Wolfsburg
2009–10,9,FSV Mainz 05,47,34,12,11,11,36,42,-6,Mainz
2009–10,10,Eintracht Frankfurt,46,34,12,10,12,47,54,-7,Frankfurt
2009–10,11,1899 Hoffenheim,42,34,11,9,14,44,42,2,Sinsheim
2009–10,12,Borussia Mönchengladbach,39,34,10,9,15,43,60,-17,Mönchengladbach
2009–10,13,1. FC Köln,38,34,9,11,14,33,42,-9,Cologne
2009–10,14,SC Freiburg,35,34,9,8,17,35,59,-24,Freiburg
2009–10,15,Hannover 96,33,34,9,6,19,43,67,-24,Hanover
2009–10,16,1. FC Nürnberg,31,34,8,7,19,32,58,-26,Nuremberg
2009–10,17,VfL Bochum,28,34,6,10,18,33,64,-31,Bochum
2009–10,18,Hertha BSC,24,34,5,9,20,34,56,-22,Berlin
2010–11,1,Borussia Dortmund,75,34,23,6,5,67,22,45,Dortmund
2010–11,2,Bayer Leverkusen,68,34,20,8,6,64,44,20,Leverkusen
2010–11,3,FC Bayern Munich,65,34,19,8,7,81,40,41,Munich
2010–11,4,Hannover 96,60,34,19,3,12,49,45,4,Hanover
2010–11,5,FSV Mainz 05,58,34,18,4,12,52,39,13,Mainz
2010–11,6,1. FC Nürnberg,47,34,13,8,13,47,45,2,Nuremberg
2010–11,7,1. FC Kaiserslautern,46,34,13,7,14,48,51,-3,Kaiserslautern
2010–11,8,Hamburger SV,45,34,12,9,13,46,52,-6,Hamburg
2010–11,9,SC Freiburg,44,34,13,5,16,41,50,-9,Freiburg
2010–11,10,1. FC Köln,44,34,13,5,16,47,62,-15,Cologne
2010–11,11,1899 Hoffenheim,43,34,11,10,13,50,50,0,Sinsheim
2010–11,12,VfB Stuttgart,42,34,12,6,16,60,59,1,Stuttgart
2010–11,13,Werder Bremen,41,34,10,11,13,47,61,-14,Bremen
2010–11,14,FC Schalke 04,40,34,11,7,16,38,44,-6,Gelsenkirchen
2010–11,15,VfL Wolfsburg,38,34,9,11,14,43,48,-5,Wolfsburg
2010–11,16,Borussia Mönchengladbach,36,34,10,6,18,48,65,-17,Mönchengladbach
2010–11,17,Eintracht Frankfurt,34,34,9,7,18,31,49,-18,Frankfurt
2010–11,18,FC St. Pauli,29,34,8,5,21,35,68,-33,Hamburg
2011–12,1,Borussia Dortmund,81,34,25,6,3,80,25,55,Dortmund
2011–12,2,FC Bayern Munich,73,34,23,4,7,77,22,55,Munich
2011–12,3,FC Schalke 04,64,34,20,4,10,74,44,30,Gelsenkirchen
2011–12,4,Borussia Mönchengladbach,60,34,17,9,8,49,24,25,Mönchengladbach
2011–12,5,Bayer Leverkusen,54,34,15,9,10,52,44,8,Leverkusen
2011–12,6,VfB Stuttgart,53,34,15,8,11,63,46,17,Stuttgart
2011–12,7,Hannover 96,48,34,12,12,10,41,45,-4,Hanover
2011–12,8,VfL Wolfsburg,44,34,13,5,16,47,60,-13,Wolfsburg
2011–12,9,Werder Bremen,42,34,11,9,14,49,58,-9,Bremen
2011–12,10,1. FC Nürnberg,42,34,12,6,16,38,49,-11,Nuremberg
2011–12,11,1899 Hoffenheim,41,34,10,11,13,41,47,-6,Sinsheim
2011–12,12,SC Freiburg,40,34,10,10,14,45,61,-16,Freiburg
2011–12,13,FSV Mainz 05,39,34,9,12,13,47,51,-4,Mainz
2011–12,14,FC Augsburg,38,34,8,14,12,36,49,-13,Augsburg
2011–12,15,Hamburger SV,36,34,8,12,14,35,57,-22,Hamburg
2011–12,16,Hertha BSC,31,34,7,10,17,38,64,-26,Berlin
2011–12,17,1. FC Köln,30,34,8,6,20,39,75,-36,Cologne
2011–12,18,1. FC Kaiserslautern,23,34,4,11,19,24,54,-30,Kaiserslautern
2012–13,1,FC Bayern Munich,91,34,29,4,1,98,18,80,Munich
2012–13,2,Borussia Dortmund,66,34,19,9,6,81,42,39,Dortmund
2012–13,3,Bayer Leverkusen,65,34,19,8,7,65,39,26,Leverkusen
2012–13,4,FC Schalke 04,55,34,16,7,11,58,50,8,Gelsenkirchen
2012–13,5,SC Freiburg,51,34,14,9,11,45,40,5,Freiburg
2012–13,6,Eintracht Frankfurt,51,34,14,9,11,49,46,3,Frankfurt
2012–13,7,Hamburger SV,48,34,14,6,14,42,53,-11,Hamburg
2012–13,8,Borussia Mönchengladbach,47,34,12,11,11,45,49,-4,Mönchengladbach
2012–13,9,Hannover 96,45,34,13,6,15,60,62,-2,Hanover
2012–13,10,1. FC Nürnberg,44,34,11,11,12,39,47,-8,Nuremberg
2012–13,11,VfL Wolfsburg,43,34,10,13,11,47,52,-5,Wolfsburg
2012–13,12,VfB Stuttgart,43,34,12,7,15,37,55,-18,Stuttgart
2012–13,13,FSV Mainz 05,42,34,10,12,12,42,44,-2,Mainz
2012–13,14,Werder Bremen,34,34,8,10,16,50,66,-16,Bremen
2012–13,15,FC Augsburg,33,34,8,9,17,33,51,-18,Augsburg
2012–13,16,1899 Hoffenheim,31,34,8,7,19,42,67,-25,Sinsheim
2012–13,17,Fortuna Düsseldorf,30,34,7,9,18,39,57,-18,Düsseldorf
2012–13,18,SpVgg Greuther Fürth,21,34,4,9,21,26,60,-34,Fürth
2013–14,1,FC Bayern Munich,90,34,29,3,2,94,23,71,Munich
2013–14,2,Borussia Dortmund,71,34,22,5,7,80,38,42,Dortmund
2013–14,3,FC Schalke 04,64,34,19,7,8,63,43,20,Gelsenkirchen
2013–14,4,Bayer Leverkusen,61,34,19,4,11,60,41,19,Leverkusen
2013–14,5,VfL Wolfsburg,60,34,18,6,10,63,50,13,Wolfsburg
2013–14,6,Borussia Mönchengladbach,55,34,16,7,11,59,43,16,Mönchengladbach
2013–14,7,FSV Mainz 05,53,34,16,5,13,52,54,-2,Mainz
2013–14,8,FC Augsburg,52,34,15,7,12,47,47,0,Augsburg
2013–14,9,1899 Hoffenheim,44,34,11,11,12,72,70,2,Sinsheim
2013–14,10,Hannover 96,42,34,12,6,16,46,59,-13,Hanover
2013–14,11,Hertha BSC,41,34,11,8,15,40,48,-8,Berlin
2013–14,12,Werder Bremen,39,34,10,9,15,42,66,-24,Bremen
2013–14,13,Eintracht Frankfurt,36,34,9,9,16,40,57,-17,Frankfurt
2013–14,14,SC Freiburg,36,34,9,9,16,43,61,-18,Freiburg
2013–14,15,VfB Stuttgart,32,34,8,8,18,49,62,-13,Stuttgart
2013–14,16,Hamburger SV,27,34,7,6,21,51,75,-24,Hamburg
2013–14,17,1. FC Nürnberg,26,34,5,11,18,37,70,-33,Nuremberg
2013–14,18,Eintracht Braunschweig,25,34,6,7,21,29,60,-31,Braunschweig
2014–15,1,FC Bayern Munich,79,34,25,4,5,80,18,62,Munich
2014–15,2,VfL Wolfsburg,69,34,20,9,5,72,38,34,Wolfsburg
2014–15,3,Borussia Mönchengladbach,66,34,19,9,6,53,26,27,Mönchengladbach
2014–15,4,Bayer Leverkusen,61,34,17,10,7,62,37,25,Leverkusen
2014–15,5,FC Augsburg,49,34,15,4,15,43,43,0,Augsburg
2014–15,6,FC Schalke 04,48,34,13,9,12,42,40,2,Gelsenkirchen
2014–15,7,Borussia Dortmund,46,34,13,7,14,47,42,5,Dortmund
2014–15,8,1899 Hoffenheim,44,34,12,8,14,49,55,-6,Sinsheim
2014–15,9,Eintracht Frankfurt,43,34,11,10,13,56,62,-6,Frankfurt
2014–15,10,Werder Bremen,43,34,11,10,13,50,65,-15,Bremen
2014–15,11,FSV Mainz 05,40,34,9,13,12,45,47,-2,Mainz
2014–15,12,1. FC Köln,40,34,9,13,12,34,40,-6,Cologne
2014–15,13,Hannover 96,37,34,9,10,15,40,56,-16,Hanover
2014–15,14,VfB Stuttgart,36,34,9,9,16,42,60,-18,Stuttgart
2014–15,15,Hertha BSC,35,34,9,8,17,36,52,-16,Berlin
2014–15,16,Hamburger SV,35,34,9,8,17,25,50,-25,Hamburg
2014–15,17,SC Freiburg,34,34,7,13,14,36,47,-11,Freiburg
2014–15,18,SC Paderborn 07,31,34,7,10,17,31,65,-34,Paderborn
2015–16,1,FC Bayern Munich,88,34,28,4,2,80,17,63,Munich
2015–16,2,Borussia Dortmund,78,34,24,6,4,82,34,48,Dortmund
2015–16,3,Bayer Leverkusen,60,34,18,6,10,56,40,16,Leverkusen
2015–16,4,Borussia Mönchengladbach,55,34,17,4,13,67,50,17,Mönchengladbach
2015–16,5,FC Schalke 04,52,34,15,7,12,51,49,2,Gelsenkirchen
2015–16,6,FSV Mainz 05,50,34,14,8,12,46,42,4,Mainz
2015–16,7,Hertha BSC,50,34,14,8,12,42,42,0,Berlin
2015–16,8,VfL Wolfsburg,45,34,12,9,13,47,49,-2,Wolfsburg
2015–16,9,1. FC Köln,43,34,10,13,11,38,42,-4,Cologne
2015–16,10,Hamburger SV,41,34,11,8,15,40,46,-6,Hamburg
2015–16,11,FC Ingolstadt,40,34,10,10,14,33,42,-9,Ingolstadt
2015–16,12,FC Augsburg,38,34,9,11,14,42,52,-10,Augsburg
2015–16,13,Werder Bremen,38,34,10,8,16,50,65,-15,Bremen
2015–16,14,SV Darmstadt,38,34,9,11,14,38,53,-15,Darmstadt
2015–16,15,1899 Hoffenheim,37,34,9,10,15,39,54,-15,Sinsheim
2015–16,16,Eintracht Frankfurt,36,34,9,9,16,34,52,-18,Frankfurt
2015–16,17,VfB Stuttgart,33,34,9,6,19,50,75,-25,Stuttgart
2015–16,18,Hannover 96,25,34,7,4,23,31,62,-31,Hanover
2016–17,1,FC Bayern Munich,82,34,25,7,2,89,22,67,Munich
2016–17,2,RB Leipzig,67,34,20,7,7,66,39,27,Leipzig
2016–17,3,Borussia Dortmund,64,34,18,10,6,72,40,32,Dortmund
2016–17,4,1899 Hoffenheim,62,34,16,14,4,64,37,27,Sinsheim
2016–17,5,1. FC Köln,49,34,12,13,9,51,42,9,Cologne
2016–17,6,Hertha BSC,49,34,15,4,15,43,47,-4,Berlin
2016–17,7,SC Freiburg,48,34,14,6,14,42,60,-18,Freiburg
2016–17,8,Werder Bremen,45,34,13,6,15,61,64,-3,Bremen
2016–17,9,Borussia Mönchengladbach,45,34,12,9,13,45,49,-4,Mönchengladbach
2016–17,10,FC Schalke 04,43,34,11,10,13,45,40,5,Gelsenkirchen
2016–17,11,Eintracht Frankfurt,42,34,11,9,14,36,43,-7,Frankfurt
2016–17,12,Bayer Leverkusen,41,34,11,8,15,53,55,-2,Leverkusen
2016–17,13,FC Augsburg,38,34,9,11,14,35,51,-16,Augsburg
2016–17,14,Hamburger SV,38,34,10,8,16,33,61,-28,Hamburg
2016–17,15,FSV Mainz 05,37,34,10,7,17,44,55,-11,Mainz
2016–17,16,VfL Wolfsburg,37,34,10,7,17,34,52,-18,Wolfsburg
2016–17,17,FC Ingolstadt,32,34,8,8,18,36,57,-21,Ingolstadt
2016–17,18,SV Darmstadt,25,34,7,4,23,28,63,-35,Darmstadt
2017–18,1,FC Bayern Munich,84,34,27,3,4,92,28,64,Munich
2017–18,2,FC Schalke 04,63,34,18,9,7,53,37,16,Gelsenkirchen
2017–18,3,1899 Hoffenheim,55,34,15,10,9,66,48,18,Sinsheim
2017–18,4,Borussia Dortmund,55,34,15,10,9,64,47,17,Dortmund
2017–18,5,Bayer Leverkusen,55,34,15,10,9,58,44,14,Leverkusen
2017–18,6,RB Leipzig,53,34,15,8,11,57,53,4,Leipzig
2017–18,7,VfB Stuttgart,51,34,15,6,13,36,36,0,Stuttgart
2017–18,8,Eintracht Frankfurt,49,34,14,7,13,45,45,0,Frankfurt
2017–18,9,Borussia Mönchengladbach,47,34,13,8,13,47,52,-5,Mönchengladbach
2017–18,10,Hertha BSC,43,34,10,13,11,43,46,-3,Berlin
2017–18,11,Werder Bremen,42,34,10,12,12,37,40,-3,Bremen
2017–18,12,FC Augsburg,41,34,10,11,13,43,46,-3,Augsburg
2017–18,13,Hannover 96,39,34,10,9,15,44,54,-10,Hanover
2017–18,14,FSV Mainz 05,36,34,9,9,16,38,52,-14,Mainz
2017–18,15,SC Freiburg,36,34,8,12,14,32,56,-24,Freiburg
2017–18,16,VfL Wolfsburg,33,34,6,15,13,36,48,-12,Wolfsburg
2017–18,17,Hamburger SV,31,34,8,7,19,29,53,-24,Hamburg
2017–18,18,1. FC Köln,22,34,5,7,22,35,70,-35,Cologne
2018–19,1,FC Bayern Munich,78,34,24,6,4,88,32,56,Munich
2018–19,2,Borussia Dortmund,76,34,23,7,4,81,44,37,Dortmund
2018–19,3,RB Leipzig,66,34,19,9,6,63,29,34,Leipzig
2018–19,4,Bayer Leverkusen,58,34,18,4,12,69,52,17,Leverkusen
2018–19,5,Borussia Mönchengladbach,55,34,16,7,11,55,42,13,Mönchengladbach
2018–19,6,VfL Wolfsburg,55,34,16,7,11,62,50,12,Wolfsburg
2018–19,7,Eintracht Frankfurt,54,34,15,9,10,60,48,12,Frankfurt
2018–19,8,Werder Bremen,53,34,14,11,9,58,49,9,Bremen
2018–19,9,1899 Hoffenheim,51,34,13,12,9,70,52,18,Sinsheim
2018–19,10,Fortuna Düsseldorf,44,34,13,5,16,49,65,-16,Düsseldorf
2018–19,11,Hertha BSC,43,34,11,10,13,49,57,-8,Berlin
2018–19,12,FSV Mainz 05,43,34,12,7,15,46,57,-11,Mainz
2018–19,13,SC Freiburg,36,34,8,12,14,46,61,-15,Freiburg
2018–19,14,FC Schalke 04,33,34,8,9,17,37,55,-18,Gelsenkirchen
2018–19,15,FC Augsburg,32,34,8,8,18,51,71,-20,Augsburg
2018–19,16,VfB Stuttgart,28,34,7,7,20,32,70,-38,Stuttgart
2018–19,17,Hannover 96,21,34,5,6,23,31,71,-40,Hanover
2018–19,18,1. FC Nürnberg,19,34,3,10,21,26,68,-42,Nuremberg
2019–20,1,FC Bayern Munich,82,34,26,4,4,100,32,68,Munich
2019–20,2,Borussia Dortmund,69,34,21,6,7,84,41,43,Dortmund
2019–20,3,RB Leipzig,66,34,18,12,4,81,37,44,Leipzig
2019–20,4,Borussia Mönchengladbach,65,34,20,5,9,66,40,26,Mönchengladbach
2019–20,5,Bayer Leverkusen,63,34,19,6,9,61,44,17,Leverkusen
2019–20,6,1899 Hoffenheim,52,34,15,7,12,53,53,0,Sinsheim
2019–20,7,VfL Wolfsburg,49,34,13,10,11,48,46,2,Wolfsburg
2019–20,8,SC Freiburg,48,34,13,9,12,48,47,1,Freiburg
2019–20,9,Eintracht Frankfurt,45,34,13,6,15,59,60,-1,Frankfurt
2019–20,10,Hertha BSC,41,34,11,8,15,48,59,-11,Berlin
2019–20,11,Union Berlin,41,34,12,5,17,41,58,-17,Berlin
2019–20,12,FC Schalke 04,39,34,9,12,13,38,58,-20,Gelsenkirchen
2019–20,13,FSV Mainz 05,37,34,11,4,19,44,65,-21,Mainz
2019–20,14,1. FC Köln,36,34,10,6,18,51,69,-18,Cologne
2019–20,15,FC Augsburg,36,34,9,9,16,45,63,-18,Augsburg
2019–20,16,Werder Bremen,31,34,8,7,19,42,69,-27,Bremen
2019–20,17,Fortuna Düsseldorf,30,34,6,12,16,36,67,-31,Düsseldorf
2019–20,18,SC Paderborn 07,20,34,4,8,22,37,74,-37,Paderborn
