"team_selection1","team_position","team_name","team_points","team_played","team_win","team_draw","team_loss","team_goals_for","team_goals_against"
"1963–64 Bundesliga","1","1. FC Köln","45","30","17","11","2","78","40"
"1963–64 Bundesliga","2","Meidericher SV","39","30","13","13","4","60","36"
"1963–64 Bundesliga","3","Eintracht Frankfurt","39","30","16","7","7","65","41"
"1963–64 Bundesliga","4","Borussia Dortmund","33","30","14","5","11","73","57"
"1963–64 Bundesliga","5","VfB Stuttgart","33","30","13","7","10","48","40"
"1963–64 Bundesliga","6","Hamburger SV","32","30","11","10","9","69","60"
"1963–64 Bundesliga","7","TSV 1860 Munich","31","30","11","9","10","66","50"
"1963–64 Bundesliga","8","FC Schalke 04","29","30","12","5","13","51","53"
"1963–64 Bundesliga","9","1. FC Nürnberg","29","30","11","7","12","45","56"
"1963–64 Bundesliga","10","SV Werder Bremen","28","30","10","8","12","53","62"
"1963–64 Bundesliga","11","Eintracht Braunschweig","28","30","11","6","13","36","49"
"1963–64 Bundesliga","12","1. FC Kaiserslautern","26","30","10","6","14","48","69"
"1963–64 Bundesliga","13","Karlsruher SC","24","30","8","8","14","42","55"
"1963–64 Bundesliga","14","Hertha BSC","24","30","9","6","15","45","65"
"1963–64 Bundesliga","15","SC Preußen Münster","23","30","7","9","14","34","52"
"1963–64 Bundesliga","16","1. FC Saarbrücken","17","30","6","5","19","44","72"
"1964–65 Bundesliga","1","SV Werder Bremen","41","30","15","11","4","54","29"
"1964–65 Bundesliga","2","1. FC Köln","38","30","14","10","6","66","45"
"1964–65 Bundesliga","3","Borussia Dortmund","36","30","15","6","9","67","48"
"1964–65 Bundesliga","4","TSV 1860 Munich","35","30","14","7","9","70","50"
"1964–65 Bundesliga","5","Hannover 96","33","30","13","7","10","48","42"
"1964–65 Bundesliga","6","1. FC Nürnberg","32","30","11","10","9","44","38"
"1964–65 Bundesliga","7","Meidericher SV","32","30","12","8","10","46","48"
"1964–65 Bundesliga","8","Eintracht Frankfurt","29","30","11","7","12","50","58"
"1964–65 Bundesliga","9","Eintracht Braunschweig","28","30","10","8","12","42","47"
"1964–65 Bundesliga","10","Borussia Neunkirchen","27","30","9","9","12","44","48"
"1964–65 Bundesliga","11","Hamburger SV","27","30","11","5","14","46","56"
"1964–65 Bundesliga","12","VfB Stuttgart","26","30","9","8","13","46","50"
"1964–65 Bundesliga","13","1. FC Kaiserslautern","25","30","11","3","16","41","53"
"1964–65 Bundesliga","14","Hertha BSC","25","30","7","11","12","40","62"
"1964–65 Bundesliga","15","Karlsruher SC","24","30","9","6","15","47","62"
"1964–65 Bundesliga","16","FC Schalke 04","22","30","7","8","15","45","60"
"1965–66 Bundesliga","1","TSV 1860 München","50","34","20","10","4","80","40"
"1965–66 Bundesliga","2","Borussia Dortmund","47","34","19","9","6","70","36"
"1965–66 Bundesliga","3","FC Bayern Munich","47","34","20","7","7","71","38"
"1965–66 Bundesliga","4","SV Werder Bremen","45","34","21","3","10","76","40"
"1965–66 Bundesliga","5","1. FC Köln","44","34","19","6","9","74","41"
"1965–66 Bundesliga","6","1. FC Nürnberg","39","34","14","11","9","54","43"
"1965–66 Bundesliga","7","Eintracht Frankfurt","38","34","16","6","12","64","46"
"1965–66 Bundesliga","8","Meidericher SV","36","34","14","8","12","70","48"
"1965–66 Bundesliga","9","Hamburger SV","34","34","13","8","13","64","52"
"1965–66 Bundesliga","10","Eintracht Braunschweig","34","34","11","12","11","49","49"
"1965–66 Bundesliga","11","VfB Stuttgart","32","34","13","6","15","42","48"
"1965–66 Bundesliga","12","Hannover 96","30","34","11","8","15","59","57"
"1965–66 Bundesliga","13","Borussia Mönchengladbach","29","34","9","11","14","57","68"
"1965–66 Bundesliga","14","FC Schalke 04","27","34","10","7","17","33","55"
"1965–66 Bundesliga","15","1. FC Kaiserslautern","26","34","8","10","16","42","65"
"1965–66 Bundesliga","16","Karlsruher SC","24","34","9","6","19","35","71"
"1965–66 Bundesliga","17","Borussia Neunkirchen","22","34","9","4","21","32","82"
"1965–66 Bundesliga","18","Tasmania Berlin","8","34","2","4","28","15","108"
"1966–67 Bundesliga","1","Eintracht Braunschweig","43","34","17","9","8","49","27"
"1966–67 Bundesliga","2","1860 Munich","41","34","17","7","10","60","47"
"1966–67 Bundesliga","3","Borussia Dortmund","39","34","15","9","10","70","41"
"1966–67 Bundesliga","4","Eintracht Frankfurt","39","34","15","9","10","66","49"
"1966–67 Bundesliga","5","1. FC Kaiserslautern","38","34","13","12","9","43","42"
"1966–67 Bundesliga","6","Bayern Munich","37","34","16","5","13","62","47"
"1966–67 Bundesliga","7","1. FC Köln","37","34","14","9","11","48","48"
"1966–67 Bundesliga","8","Borussia Mönchengladbach","34","34","12","10","12","70","49"
"1966–67 Bundesliga","9","Hannover 96","34","34","13","8","13","40","46"
"1966–67 Bundesliga","10","1. FC Nürnberg","34","34","12","10","12","43","50"
"1966–67 Bundesliga","11","MSV Duisburg","33","34","10","13","11","40","42"
"1966–67 Bundesliga","12","VfB Stuttgart","33","34","10","13","11","48","54"
"1966–67 Bundesliga","13","Karlsruher SC","31","34","11","9","14","54","62"
"1966–67 Bundesliga","14","Hamburger SV","30","34","10","10","14","37","53"
"1966–67 Bundesliga","15","Schalke 04","30","34","12","6","16","37","63"
"1966–67 Bundesliga","16","Werder Bremen","29","34","10","9","15","49","56"
"1966–67 Bundesliga","17","Fortuna Düsseldorf","25","34","9","7","18","44","66"
"1966–67 Bundesliga","18","Rot-Weiss Essen","25","34","6","13","15","35","53"
"1967–68 Bundesliga","1","1. FC Nürnberg","47","34","19","9","6","71","37"
"1967–68 Bundesliga","2","Werder Bremen","44","34","18","8","8","68","51"
"1967–68 Bundesliga","3","Borussia Mönchengladbach","42","34","15","12","7","77","45"
"1967–68 Bundesliga","4","1. FC Köln","38","34","17","4","13","68","52"
"1967–68 Bundesliga","5","Bayern Munich","38","34","16","6","12","68","58"
"1967–68 Bundesliga","6","Eintracht Frankfurt","38","34","15","8","11","58","51"
"1967–68 Bundesliga","7","MSV Duisburg","36","34","13","10","11","69","58"
"1967–68 Bundesliga","8","VfB Stuttgart","35","34","14","7","13","65","54"
"1967–68 Bundesliga","9","Eintracht Braunschweig","35","34","15","5","14","37","39"
"1967–68 Bundesliga","10","Hannover 96","34","34","12","10","12","48","52"
"1967–68 Bundesliga","11","Alemannia Aachen","34","34","13","8","13","52","66"
"1967–68 Bundesliga","12","1860 Munich","33","34","11","11","12","55","39"
"1967–68 Bundesliga","13","Hamburger SV","33","34","11","11","12","51","54"
"1967–68 Bundesliga","14","Borussia Dortmund","31","34","12","7","15","60","59"
"1967–68 Bundesliga","15","Schalke 04","30","34","11","8","15","42","48"
"1967–68 Bundesliga","16","1. FC Kaiserslautern","28","34","8","12","14","39","67"
"1967–68 Bundesliga","17","Borussia Neunkirchen","19","34","7","5","22","33","93"
"1967–68 Bundesliga","18","Karlsruher SC","17","34","6","5","23","32","70"
"1968–69 Bundesliga","1","Bayern Munich","46","34","18","10","6","61","31"
"1968–69 Bundesliga","2","Alemannia Aachen","38","34","16","6","12","57","51"
"1968–69 Bundesliga","3","Borussia Mönchengladbach","37","34","13","11","10","61","46"
"1968–69 Bundesliga","4","Eintracht Braunschweig","37","34","13","11","10","46","43"
"1968–69 Bundesliga","5","VfB Stuttgart","36","34","14","8","12","60","54"
"1968–69 Bundesliga","6","Hamburger SV","36","34","13","10","11","55","55"
"1968–69 Bundesliga","7","Schalke 04","35","34","14","7","13","45","40"
"1968–69 Bundesliga","8","Eintracht Frankfurt","34","34","13","8","13","46","43"
"1968–69 Bundesliga","9","Werder Bremen","34","34","14","6","14","59","59"
"1968–69 Bundesliga","10","1860 Munich","34","34","15","4","15","44","59"
"1968–69 Bundesliga","11","Hannover 96","32","34","9","14","11","47","45"
"1968–69 Bundesliga","12","MSV Duisburg","32","34","8","16","10","33","37"
"1968–69 Bundesliga","13","1. FC Köln","32","34","13","6","15","47","56"
"1968–69 Bundesliga","14","Hertha BSC","32","34","12","8","14","31","39"
"1968–69 Bundesliga","15","1. FC Kaiserslautern","30","34","12","6","16","45","47"
"1968–69 Bundesliga","16","Borussia Dortmund","30","34","11","8","15","49","54"
"1968–69 Bundesliga","17","1. FC Nürnberg","29","34","9","11","14","45","55"
"1968–69 Bundesliga","18","Kickers Offenbach","28","34","10","8","16","42","59"
"1969–70 Bundesliga","1","Borussia Mönchengladbach","51","34","23","5","6","71","29"
"1969–70 Bundesliga","2","Bayern Munich","47","34","21","5","8","88","37"
"1969–70 Bundesliga","3","Hertha BSC","45","34","20","5","9","67","41"
"1969–70 Bundesliga","4","1. FC Köln","43","34","20","3","11","83","38"
"1969–70 Bundesliga","5","Borussia Dortmund","36","34","14","8","12","60","67"
"1969–70 Bundesliga","6","Hamburger SV","35","34","12","11","11","57","54"
"1969–70 Bundesliga","7","VfB Stuttgart","35","34","14","7","13","59","62"
"1969–70 Bundesliga","8","Eintracht Frankfurt","34","34","12","10","12","54","54"
"1969–70 Bundesliga","9","Schalke 04","34","34","11","12","11","43","54"
"1969–70 Bundesliga","10","1. FC Kaiserslautern","32","34","10","12","12","44","55"
"1969–70 Bundesliga","11","Werder Bremen","31","34","10","11","13","38","47"
"1969–70 Bundesliga","12","Rot-Weiss Essen","31","34","8","15","11","41","54"
"1969–70 Bundesliga","13","Hannover 96","30","34","11","8","15","49","61"
"1969–70 Bundesliga","14","Rot-Weiß Oberhausen","29","34","11","7","16","50","62"
"1969–70 Bundesliga","15","MSV Duisburg","29","34","9","11","14","35","48"
"1969–70 Bundesliga","16","Eintracht Braunschweig","28","34","9","10","15","40","49"
"1969–70 Bundesliga","17","1860 Munich","25","34","9","7","18","41","56"
"1969–70 Bundesliga","18","Alemannia Aachen","17","34","5","7","22","31","83"
"1970–71 Bundesliga","1","Borussia Mönchengladbach","50","34","20","10","4","77","35"
"1970–71 Bundesliga","2","Bayern Munich","48","34","19","10","5","74","36"
"1970–71 Bundesliga","3","Hertha BSC","41","34","16","9","9","61","43"
"1970–71 Bundesliga","4","Eintracht Braunschweig","39","34","16","7","11","52","40"
"1970–71 Bundesliga","5","Hamburger SV","37","34","13","11","10","54","63"
"1970–71 Bundesliga","6","Schalke 04","36","34","15","6","13","44","40"
"1970–71 Bundesliga","7","MSV Duisburg","35","34","12","11","11","43","47"
"1970–71 Bundesliga","8","1. FC Kaiserslautern","34","34","15","4","15","54","57"
"1970–71 Bundesliga","9","Hannover 96","33","34","12","9","13","53","49"
"1970–71 Bundesliga","10","Werder Bremen","33","34","11","11","12","41","40"
"1970–71 Bundesliga","11","1. FC Köln","33","34","11","11","12","46","56"
"1970–71 Bundesliga","12","VfB Stuttgart","30","34","11","8","15","49","49"
"1970–71 Bundesliga","13","Borussia Dortmund","29","34","10","9","15","54","60"
"1970–71 Bundesliga","14","Arminia Bielefeld","29","34","12","5","17","34","53"
"1970–71 Bundesliga","15","Eintracht Frankfurt","28","34","11","6","17","39","56"
"1970–71 Bundesliga","16","Rot-Weiß Oberhausen","27","34","9","9","16","54","69"
"1970–71 Bundesliga","17","Kickers Offenbach","27","34","9","9","16","49","65"
"1970–71 Bundesliga","18","Rot-Weiss Essen","23","34","7","9","18","48","68"
"1971–72 Bundesliga","1","Bayern Munich","55","34","24","7","3","101","38"
"1971–72 Bundesliga","2","Schalke 04","52","34","24","4","6","76","35"
"1971–72 Bundesliga","3","Borussia Mönchengladbach","43","34","18","7","9","82","40"
"1971–72 Bundesliga","4","1. FC Köln","43","34","15","13","6","64","44"
"1971–72 Bundesliga","5","Eintracht Frankfurt","39","34","16","7","11","71","61"
"1971–72 Bundesliga","6","Hertha BSC","37","34","14","9","11","46","55"
"1971–72 Bundesliga","7","1. FC Kaiserslautern","35","34","14","7","13","59","53"
"1971–72 Bundesliga","8","VfB Stuttgart","35","34","13","9","12","52","56"
"1971–72 Bundesliga","9","VfL Bochum","34","34","14","6","14","59","69"
"1971–72 Bundesliga","10","Hamburger SV","33","34","13","7","14","52","52"
"1971–72 Bundesliga","11","Werder Bremen","31","34","11","9","14","63","58"
"1971–72 Bundesliga","12","Eintracht Braunschweig","31","34","8","15","11","43","48"
"1971–72 Bundesliga","13","Fortuna Düsseldorf","30","34","10","10","14","40","53"
"1971–72 Bundesliga","14","MSV Duisburg","27","34","10","7","17","36","51"
"1971–72 Bundesliga","15","Rot-Weiß Oberhausen","25","34","7","11","16","33","66"
"1971–72 Bundesliga","16","Hannover 96","23","34","10","3","21","54","69"
"1971–72 Bundesliga","17","Borussia Dortmund","20","34","6","8","20","34","83"
"1971–72 Bundesliga","18","Arminia Bielefeld","0","0","0","0","0","0","0"
"1972–73 Bundesliga","1","Bayern Munich","54","34","25","4","5","93","29"
"1972–73 Bundesliga","2","1. FC Köln","43","34","16","11","7","66","51"
"1972–73 Bundesliga","3","Fortuna Düsseldorf","42","34","15","12","7","62","45"
"1972–73 Bundesliga","4","Wuppertaler SV","40","34","15","10","9","62","49"
"1972–73 Bundesliga","5","Borussia Mönchengladbach","39","34","17","5","12","82","61"
"1972–73 Bundesliga","6","VfB Stuttgart","37","34","17","3","14","71","65"
"1972–73 Bundesliga","7","Kickers Offenbach","35","34","14","7","13","61","60"
"1972–73 Bundesliga","8","Eintracht Frankfurt","34","34","15","4","15","58","54"
"1972–73 Bundesliga","9","1. FC Kaiserslautern","34","34","12","10","12","58","68"
"1972–73 Bundesliga","10","MSV Duisburg","33","34","12","9","13","53","54"
"1972–73 Bundesliga","11","Werder Bremen","31","34","12","7","15","50","52"
"1972–73 Bundesliga","12","VfL Bochum","31","34","11","9","14","50","68"
"1972–73 Bundesliga","13","Hertha BSC","30","34","11","8","15","53","64"
"1972–73 Bundesliga","14","Hamburger SV","28","34","10","8","16","53","59"
"1972–73 Bundesliga","15","Schalke 04","28","34","10","8","16","46","61"
"1972–73 Bundesliga","16","Hannover 96","26","34","9","8","17","49","65"
"1972–73 Bundesliga","17","Eintracht Braunschweig","25","34","9","7","18","33","56"
"1972–73 Bundesliga","18","Rot-Weiß Oberhausen","22","34","9","4","21","45","84"
"1973–74 Bundesliga","1","Bayern Munich","49","34","20","9","5","95","53"
"1973–74 Bundesliga","2","Borussia Mönchengladbach","48","34","21","6","7","93","52"
"1973–74 Bundesliga","3","Fortuna Düsseldorf","41","34","16","9","9","61","47"
"1973–74 Bundesliga","4","Eintracht Frankfurt","41","34","15","11","8","63","50"
"1973–74 Bundesliga","5","1. FC Köln","39","34","16","7","11","69","56"
"1973–74 Bundesliga","6","1. FC Kaiserslautern","38","34","15","8","11","80","69"
"1973–74 Bundesliga","7","Schalke 04","37","34","16","5","13","72","68"
"1973–74 Bundesliga","8","Hertha BSC","33","34","11","11","12","56","60"
"1973–74 Bundesliga","9","VfB Stuttgart","31","34","12","7","15","58","57"
"1973–74 Bundesliga","10","Kickers Offenbach","31","34","11","9","14","56","62"
"1973–74 Bundesliga","11","Werder Bremen","31","34","9","13","12","48","56"
"1973–74 Bundesliga","12","Hamburger SV","31","34","13","5","16","53","62"
"1973–74 Bundesliga","13","Rot-Weiss Essen","31","34","10","11","13","56","70"
"1973–74 Bundesliga","14","VfL Bochum","30","34","9","12","13","45","57"
"1973–74 Bundesliga","15","MSV Duisburg","29","34","11","7","16","42","56"
"1973–74 Bundesliga","16","Wuppertaler SV","25","34","8","9","17","42","65"
"1973–74 Bundesliga","17","Fortuna Köln","25","34","8","9","17","46","79"
"1973–74 Bundesliga","18","Hannover 96","22","34","6","10","18","50","66"
"1974–75 Bundesliga","1","Borussia Mönchengladbach","50","34","21","8","5","86","40"
"1974–75 Bundesliga","2","Hertha BSC","44","34","19","6","9","61","43"
"1974–75 Bundesliga","3","Eintracht Frankfurt","43","34","18","7","9","89","49"
"1974–75 Bundesliga","4","Hamburger SV","43","34","18","7","9","55","38"
"1974–75 Bundesliga","5","1. FC Köln","41","34","17","7","10","77","51"
"1974–75 Bundesliga","6","Fortuna Düsseldorf","41","34","16","9","9","66","55"
"1974–75 Bundesliga","7","Schalke 04","39","34","16","7","11","52","37"
"1974–75 Bundesliga","8","Kickers Offenbach","38","34","17","4","13","72","62"
"1974–75 Bundesliga","9","Eintracht Braunschweig","36","34","14","8","12","52","42"
"1974–75 Bundesliga","10","Bayern Munich","34","34","14","6","14","57","63"
"1974–75 Bundesliga","11","VfL Bochum","33","34","14","5","15","53","53"
"1974–75 Bundesliga","12","Rot-Weiss Essen","32","34","10","12","12","56","68"
"1974–75 Bundesliga","13","1. FC Kaiserslautern","31","34","13","5","16","56","55"
"1974–75 Bundesliga","14","MSV Duisburg","30","34","12","6","16","59","77"
"1974–75 Bundesliga","15","Werder Bremen","25","34","9","7","18","45","69"
"1974–75 Bundesliga","16","VfB Stuttgart","24","34","8","8","18","50","79"
"1974–75 Bundesliga","17","Tennis Borussia Berlin","16","34","5","6","23","38","89"
"1974–75 Bundesliga","18","Wuppertaler SV","12","34","2","8","24","32","86"
"1975–76 Bundesliga","1","Borussia Mönchengladbach","45","34","16","13","5","66","37"
"1975–76 Bundesliga","2","Hamburger SV","41","34","17","7","10","59","32"
"1975–76 Bundesliga","3","Bayern Munich","40","34","15","10","9","72","50"
"1975–76 Bundesliga","4","1. FC Köln","39","34","14","11","9","62","45"
"1975–76 Bundesliga","5","Eintracht Braunschweig","39","34","14","11","9","52","48"
"1975–76 Bundesliga","6","Schalke 04","37","34","13","11","10","76","55"
"1975–76 Bundesliga","7","1. FC Kaiserslautern","37","34","15","7","12","66","60"
"1975–76 Bundesliga","8","Rot-Weiss Essen","37","34","13","11","10","61","67"
"1975–76 Bundesliga","9","Eintracht Frankfurt","36","34","13","10","11","79","58"
"1975–76 Bundesliga","10","MSV Duisburg","33","34","13","7","14","55","62"
"1975–76 Bundesliga","11","Hertha BSC","32","34","11","10","13","59","61"
"1975–76 Bundesliga","12","Fortuna Düsseldorf","30","34","10","10","14","47","57"
"1975–76 Bundesliga","13","Werder Bremen","30","34","11","8","15","44","55"
"1975–76 Bundesliga","14","VfL Bochum","30","34","12","6","16","49","62"
"1975–76 Bundesliga","15","Karlsruher SC","30","34","12","6","16","46","59"
"1975–76 Bundesliga","16","Hannover 96","27","34","9","9","16","48","60"
"1975–76 Bundesliga","17","Kickers Offenbach","27","34","9","9","16","40","72"
"1975–76 Bundesliga","18","Bayer 05 Uerdingen","22","34","6","10","18","28","69"
"1976–77 Bundesliga","1","Borussia Mönchengladbach","44","34","17","10","7","58","34"
"1976–77 Bundesliga","2","Schalke 04","43","34","17","9","8","77","52"
"1976–77 Bundesliga","3","Eintracht Braunschweig","43","34","15","13","6","56","38"
"1976–77 Bundesliga","4","Eintracht Frankfurt","42","34","17","8","9","86","57"
"1976–77 Bundesliga","5","1. FC Köln","40","34","17","6","11","83","61"
"1976–77 Bundesliga","6","Hamburger SV","38","34","14","10","10","67","56"
"1976–77 Bundesliga","7","Bayern Munich","37","34","14","9","11","74","65"
"1976–77 Bundesliga","8","Borussia Dortmund","34","34","12","10","12","73","64"
"1976–77 Bundesliga","9","MSV Duisburg","34","34","11","12","11","60","51"
"1976–77 Bundesliga","10","Hertha BSC","34","34","13","8","13","55","54"
"1976–77 Bundesliga","11","Werder Bremen","33","34","13","7","14","51","59"
"1976–77 Bundesliga","12","Fortuna Düsseldorf","31","34","11","9","14","52","54"
"1976–77 Bundesliga","13","1. FC Kaiserslautern","29","34","12","5","17","53","59"
"1976–77 Bundesliga","14","1. FC Saarbrücken","29","34","9","11","14","43","55"
"1976–77 Bundesliga","15","VfL Bochum","29","34","11","7","16","47","62"
"1976–77 Bundesliga","16","Karlsruher SC","28","34","9","10","15","53","75"
"1976–77 Bundesliga","17","Tennis Borussia Berlin","22","34","6","10","18","47","85"
"1976–77 Bundesliga","18","Rot-Weiss Essen","22","34","7","8","19","49","103"
"1977–78 Bundesliga","1","1. FC Köln","48","34","22","4","8","86","41"
"1977–78 Bundesliga","2","Borussia Mönchengladbach","48","34","20","8","6","86","44"
"1977–78 Bundesliga","3","Hertha BSC","40","34","15","10","9","59","48"
"1977–78 Bundesliga","4","VfB Stuttgart","39","34","17","5","12","58","40"
"1977–78 Bundesliga","5","Fortuna Düsseldorf","39","34","15","9","10","49","36"
"1977–78 Bundesliga","6","MSV Duisburg","37","34","15","7","12","62","59"
"1977–78 Bundesliga","7","Eintracht Frankfurt","36","34","16","4","14","59","52"
"1977–78 Bundesliga","8","1. FC Kaiserslautern","36","34","16","4","14","64","63"
"1977–78 Bundesliga","9","Schalke 04","34","34","14","6","14","47","52"
"1977–78 Bundesliga","10","Hamburger SV","34","34","14","6","14","61","67"
"1977–78 Bundesliga","11","Borussia Dortmund","33","34","14","5","15","57","71"
"1977–78 Bundesliga","12","Bayern Munich","32","34","11","10","13","62","64"
"1977–78 Bundesliga","13","Eintracht Braunschweig","32","34","14","4","16","43","53"
"1977–78 Bundesliga","14","VfL Bochum","31","34","11","9","14","49","51"
"1977–78 Bundesliga","15","Werder Bremen","31","34","13","5","16","48","57"
"1977–78 Bundesliga","16","1860 Munich","22","34","7","8","19","41","60"
"1977–78 Bundesliga","17","1. FC Saarbrücken","22","34","6","10","18","39","70"
"1977–78 Bundesliga","18","FC St. Pauli","18","34","6","6","22","44","86"
"1978–79 Bundesliga","1","Hamburger SV","49","34","21","7","6","78","32"
"1978–79 Bundesliga","2","VfB Stuttgart","48","34","20","8","6","73","34"
"1978–79 Bundesliga","3","1. FC Kaiserslautern","43","34","16","11","7","62","47"
"1978–79 Bundesliga","4","Bayern Munich","40","34","16","8","10","69","46"
"1978–79 Bundesliga","5","Eintracht Frankfurt","39","34","16","7","11","50","49"
"1978–79 Bundesliga","6","1. FC Köln","38","34","13","12","9","55","47"
"1978–79 Bundesliga","7","Fortuna Düsseldorf","37","34","13","11","10","70","59"
"1978–79 Bundesliga","8","VfL Bochum","33","34","10","13","11","47","46"
"1978–79 Bundesliga","9","Eintracht Braunschweig","33","34","10","13","11","50","55"
"1978–79 Bundesliga","10","Borussia Mönchengladbach","32","34","12","8","14","50","53"
"1978–79 Bundesliga","11","Werder Bremen","31","34","10","11","13","48","60"
"1978–79 Bundesliga","12","Borussia Dortmund","31","34","10","11","13","54","70"
"1978–79 Bundesliga","13","MSV Duisburg","30","34","12","6","16","43","56"
"1978–79 Bundesliga","14","Hertha BSC","29","34","9","11","14","40","50"
"1978–79 Bundesliga","15","Schalke 04","28","34","9","10","15","55","61"
"1978–79 Bundesliga","16","Arminia Bielefeld","26","34","9","8","17","43","56"
"1978–79 Bundesliga","17","1. FC Nürnberg","24","34","8","8","18","36","67"
"1978–79 Bundesliga","18","SV Darmstadt 98","21","34","7","7","20","40","75"
"1979–80 Bundesliga","1","Bayern Munich","50","34","22","6","6","84","33"
"1979–80 Bundesliga","2","Hamburger SV","48","34","20","8","6","86","35"
"1979–80 Bundesliga","3","VfB Stuttgart","41","34","18","5","11","75","53"
"1979–80 Bundesliga","4","1. FC Kaiserslautern","41","34","17","7","10","75","53"
"1979–80 Bundesliga","5","1. FC Köln","37","34","14","9","11","72","55"
"1979–80 Bundesliga","6","Borussia Dortmund","36","34","14","8","12","64","56"
"1979–80 Bundesliga","7","Borussia Mönchengladbach","36","34","12","12","10","61","60"
"1979–80 Bundesliga","8","Schalke 04","33","34","12","9","13","40","51"
"1979–80 Bundesliga","9","Eintracht Frankfurt","32","34","15","2","17","65","61"
"1979–80 Bundesliga","10","VfL Bochum","32","34","13","6","15","41","44"
"1979–80 Bundesliga","11","Fortuna Düsseldorf","32","34","13","6","15","62","72"
"1979–80 Bundesliga","12","Bayer Leverkusen","32","34","12","8","14","45","61"
"1979–80 Bundesliga","13","1860 Munich","30","34","10","10","14","42","53"
"1979–80 Bundesliga","14","MSV Duisburg","29","34","11","7","16","43","57"
"1979–80 Bundesliga","15","Bayer 05 Uerdingen","29","34","12","5","17","43","61"
"1979–80 Bundesliga","16","Hertha BSC","29","34","11","7","16","41","61"
"1979–80 Bundesliga","17","Werder Bremen","25","34","11","3","20","52","93"
"1979–80 Bundesliga","18","Eintracht Braunschweig","20","34","6","8","20","32","64"
"1980–81 Bundesliga","1","Bayern Munich","53","34","22","9","3","89","41"
"1980–81 Bundesliga","2","Hamburger SV","49","34","21","7","6","73","43"
"1980–81 Bundesliga","3","VfB Stuttgart","46","34","19","8","7","70","44"
"1980–81 Bundesliga","4","1. FC Kaiserslautern","44","34","17","10","7","60","37"
"1980–81 Bundesliga","5","Eintracht Frankfurt","38","34","13","12","9","61","57"
"1980–81 Bundesliga","6","Borussia Mönchengladbach","37","34","15","7","12","68","64"
"1980–81 Bundesliga","7","Borussia Dortmund","35","34","13","9","12","69","59"
"1980–81 Bundesliga","8","1. FC Köln","34","34","12","10","12","54","55"
"1980–81 Bundesliga","9","VfL Bochum","33","34","9","15","10","53","45"
"1980–81 Bundesliga","10","Karlsruher SC","32","34","9","14","11","56","63"
"1980–81 Bundesliga","11","Bayer Leverkusen","30","34","10","10","14","52","53"
"1980–81 Bundesliga","12","MSV Duisburg","29","34","10","9","15","45","58"
"1980–81 Bundesliga","13","Fortuna Düsseldorf","28","34","10","8","16","57","64"
"1980–81 Bundesliga","14","1. FC Nürnberg","28","34","11","6","17","47","57"
"1980–81 Bundesliga","15","Arminia Bielefeld","26","34","10","6","18","46","65"
"1980–81 Bundesliga","16","1860 Munich","25","34","9","7","18","49","67"
"1980–81 Bundesliga","17","Schalke 04","23","34","8","7","19","43","88"
"1980–81 Bundesliga","18","Bayer 05 Uerdingen","22","34","8","6","20","47","79"
"1981–82 Bundesliga","1","Hamburger SV","48","34","18","12","4","95","45"
"1981–82 Bundesliga","2","1. FC Köln","45","34","18","9","7","72","38"
"1981–82 Bundesliga","3","Bayern Munich","43","34","20","3","11","77","56"
"1981–82 Bundesliga","4","1. FC Kaiserslautern","42","34","16","10","8","70","61"
"1981–82 Bundesliga","5","Werder Bremen","42","34","17","8","9","61","52"
"1981–82 Bundesliga","6","Borussia Dortmund","41","34","18","5","11","59","40"
"1981–82 Bundesliga","7","Borussia Mönchengladbach","40","34","15","10","9","61","51"
"1981–82 Bundesliga","8","Eintracht Frankfurt","37","34","17","3","14","83","72"
"1981–82 Bundesliga","9","VfB Stuttgart","35","34","13","9","12","62","55"
"1981–82 Bundesliga","10","VfL Bochum","32","34","12","8","14","52","51"
"1981–82 Bundesliga","11","Eintracht Braunschweig","32","34","14","4","16","61","66"
"1981–82 Bundesliga","12","Arminia Bielefeld","30","34","12","6","16","46","50"
"1981–82 Bundesliga","13","1. FC Nürnberg","28","34","11","6","17","53","72"
"1981–82 Bundesliga","14","Karlsruher SC","27","34","9","9","16","50","68"
"1981–82 Bundesliga","15","Fortuna Düsseldorf","25","34","6","13","15","48","73"
"1981–82 Bundesliga","16","Bayer Leverkusen","25","34","9","7","18","45","72"
"1981–82 Bundesliga","17","Darmstadt 98","21","34","5","11","18","46","82"
"1981–82 Bundesliga","18","MSV Duisburg","19","34","8","3","23","40","77"
"1982–83 Bundesliga","1","Hamburger SV","52","34","20","12","2","79","33"
"1982–83 Bundesliga","2","Werder Bremen","52","34","23","6","5","76","38"
"1982–83 Bundesliga","3","VfB Stuttgart","48","34","20","8","6","80","47"
"1982–83 Bundesliga","4","Bayern Munich","44","34","17","10","7","74","33"
"1982–83 Bundesliga","5","1. FC Köln","43","34","17","9","8","69","42"
"1982–83 Bundesliga","6","1. FC Kaiserslautern","41","34","14","13","7","57","44"
"1982–83 Bundesliga","7","Borussia Dortmund","39","34","16","7","11","78","62"
"1982–83 Bundesliga","8","Arminia Bielefeld","31","34","12","7","15","46","71"
"1982–83 Bundesliga","9","Fortuna Düsseldorf","30","34","11","8","15","63","75"
"1982–83 Bundesliga","10","Eintracht Frankfurt","29","34","12","5","17","48","57"
"1982–83 Bundesliga","11","Bayer Leverkusen","29","34","10","9","15","43","66"
"1982–83 Bundesliga","12","Borussia Mönchengladbach","28","34","12","4","18","64","63"
"1982–83 Bundesliga","13","VfL Bochum","28","34","8","12","14","43","49"
"1982–83 Bundesliga","14","1. FC Nürnberg","28","34","11","6","17","44","70"
"1982–83 Bundesliga","15","Eintracht Braunschweig","27","34","8","11","15","42","65"
"1982–83 Bundesliga","16","Schalke 04","22","34","8","6","20","48","68"
"1982–83 Bundesliga","17","Karlsruher SC","21","34","7","7","20","39","86"
"1982–83 Bundesliga","18","Hertha BSC","20","34","5","10","19","43","67"
"1983–84 Bundesliga","1","VfB Stuttgart","48","34","19","10","5","79","33"
"1983–84 Bundesliga","2","Hamburger SV","48","34","21","6","7","75","36"
"1983–84 Bundesliga","3","Borussia Mönchengladbach","48","34","21","6","7","81","48"
"1983–84 Bundesliga","4","Bayern Munich","47","34","20","7","7","84","41"
"1983–84 Bundesliga","5","Werder Bremen","45","34","19","7","8","79","46"
"1983–84 Bundesliga","6","1. FC Köln","38","34","16","6","12","70","57"
"1983–84 Bundesliga","7","Bayer Leverkusen","34","34","13","8","13","50","50"
"1983–84 Bundesliga","8","Arminia Bielefeld","33","34","12","9","13","40","49"
"1983–84 Bundesliga","9","Eintracht Braunschweig","32","34","13","6","15","54","69"
"1983–84 Bundesliga","10","Bayer 05 Uerdingen","31","34","12","7","15","66","79"
"1983–84 Bundesliga","11","Waldhof Mannheim","31","34","10","11","13","45","58"
"1983–84 Bundesliga","12","1. FC Kaiserslautern","30","34","12","6","16","68","69"
"1983–84 Bundesliga","13","Borussia Dortmund","30","34","11","8","15","54","65"
"1983–84 Bundesliga","14","Fortuna Düsseldorf","29","34","11","7","16","63","75"
"1983–84 Bundesliga","15","VfL Bochum","28","34","10","8","16","58","70"
"1983–84 Bundesliga","16","Eintracht Frankfurt","27","34","7","13","14","45","61"
"1983–84 Bundesliga","17","Kickers Offenbach","19","34","7","5","22","48","106"
"1983–84 Bundesliga","18","1. FC Nürnberg","14","34","6","2","26","38","85"
"1984–85 Bundesliga","1","Bayern Munich","50","34","21","8","5","79","38"
"1984–85 Bundesliga","2","Werder Bremen","46","34","18","10","6","87","51"
"1984–85 Bundesliga","3","1. FC Köln","40","34","18","4","12","69","66"
"1984–85 Bundesliga","4","Borussia Mönchengladbach","39","34","15","9","10","77","53"
"1984–85 Bundesliga","5","Hamburger SV","37","34","14","9","11","58","49"
"1984–85 Bundesliga","6","Waldhof Mannheim","37","34","13","11","10","47","50"
"1984–85 Bundesliga","7","Bayer 05 Uerdingen","36","34","14","8","12","57","52"
"1984–85 Bundesliga","8","Schalke 04","34","34","13","8","13","63","62"
"1984–85 Bundesliga","9","VfL Bochum","34","34","12","10","12","52","54"
"1984–85 Bundesliga","10","VfB Stuttgart","33","34","14","5","15","79","59"
"1984–85 Bundesliga","11","1. FC Kaiserslautern","33","34","11","11","12","56","60"
"1984–85 Bundesliga","12","Eintracht Frankfurt","32","34","10","12","12","62","67"
"1984–85 Bundesliga","13","Bayer Leverkusen","31","34","9","13","12","52","54"
"1984–85 Bundesliga","14","Borussia Dortmund","30","34","13","4","17","51","65"
"1984–85 Bundesliga","15","Fortuna Düsseldorf","29","34","10","9","15","53","66"
"1984–85 Bundesliga","16","Arminia Bielefeld","29","34","8","13","13","46","61"
"1984–85 Bundesliga","17","Karlsruher SC","22","34","5","12","17","47","88"
"1984–85 Bundesliga","18","Eintracht Braunschweig","20","34","9","2","23","39","79"
"1985–86 Bundesliga","1","Bayern Munich","49","34","21","7","6","82","31"
"1985–86 Bundesliga","2","Werder Bremen","49","34","20","9","5","83","41"
"1985–86 Bundesliga","3","Bayer 05 Uerdingen","45","34","19","7","8","63","60"
"1985–86 Bundesliga","4","Borussia Mönchengladbach","42","34","15","12","7","65","51"
"1985–86 Bundesliga","5","VfB Stuttgart","41","34","17","7","10","69","45"
"1985–86 Bundesliga","6","Bayer Leverkusen","40","34","15","10","9","63","51"
"1985–86 Bundesliga","7","Hamburger SV","39","34","17","5","12","52","35"
"1985–86 Bundesliga","8","Waldhof Mannheim","33","34","11","11","12","41","44"
"1985–86 Bundesliga","9","VfL Bochum","32","34","14","4","16","55","57"
"1985–86 Bundesliga","10","Schalke 04","30","34","11","8","15","53","58"
"1985–86 Bundesliga","11","1. FC Kaiserslautern","30","34","10","10","14","49","54"
"1985–86 Bundesliga","12","1. FC Nürnberg","29","34","12","5","17","51","54"
"1985–86 Bundesliga","13","1. FC Köln","29","34","9","11","14","46","59"
"1985–86 Bundesliga","14","Fortuna Düsseldorf","29","34","11","7","16","54","78"
"1985–86 Bundesliga","15","Eintracht Frankfurt","28","34","7","14","13","35","49"
"1985–86 Bundesliga","16","Borussia Dortmund","28","34","10","8","16","49","65"
"1985–86 Bundesliga","17","1. FC Saarbrücken","21","34","6","9","19","39","68"
"1985–86 Bundesliga","18","Hannover 96","18","34","5","8","21","43","92"
"1986–87 Bundesliga","1","Bayern Munich","53","34","20","13","1","67","31"
"1986–87 Bundesliga","2","Hamburger SV","47","34","19","9","6","69","37"
"1986–87 Bundesliga","3","Borussia Mönchengladbach","43","34","18","7","9","74","44"
"1986–87 Bundesliga","4","Borussia Dortmund","40","34","15","10","9","70","50"
"1986–87 Bundesliga","5","Werder Bremen","40","34","17","6","11","65","54"
"1986–87 Bundesliga","6","Bayer Leverkusen","39","34","16","7","11","56","38"
"1986–87 Bundesliga","7","1. FC Kaiserslautern","37","34","15","7","12","64","51"
"1986–87 Bundesliga","8","Bayer 05 Uerdingen","35","34","12","11","11","51","49"
"1986–87 Bundesliga","9","1. FC Nürnberg","35","34","12","11","11","62","62"
"1986–87 Bundesliga","10","1. FC Köln","35","34","13","9","12","50","53"
"1986–87 Bundesliga","11","VfL Bochum","32","34","9","14","11","52","44"
"1986–87 Bundesliga","12","VfB Stuttgart","32","34","13","6","15","55","49"
"1986–87 Bundesliga","13","Schalke 04","32","34","12","8","14","50","58"
"1986–87 Bundesliga","14","Waldhof Mannheim","28","34","10","8","16","52","71"
"1986–87 Bundesliga","15","Eintracht Frankfurt","25","34","8","9","17","42","53"
"1986–87 Bundesliga","16","FC Homburg","21","34","6","9","19","33","79"
"1986–87 Bundesliga","17","Fortuna Düsseldorf","20","34","7","6","21","42","91"
"1986–87 Bundesliga","18","Blau-Weiß 90 Berlin","18","34","3","12","19","36","76"
"1987–88 Bundesliga","1","Werder Bremen","52","34","22","8","4","61","22"
"1987–88 Bundesliga","2","Bayern Munich","48","34","22","4","8","83","45"
"1987–88 Bundesliga","3","1. FC Köln","48","34","18","12","4","57","28"
"1987–88 Bundesliga","4","VfB Stuttgart","40","34","16","8","10","69","49"
"1987–88 Bundesliga","5","1. FC Nürnberg","37","34","13","11","10","44","40"
"1987–88 Bundesliga","6","Hamburger SV","37","34","13","11","10","63","68"
"1987–88 Bundesliga","7","Borussia Mönchengladbach","33","34","14","5","15","55","53"
"1987–88 Bundesliga","8","Bayer Leverkusen","32","34","10","12","12","53","60"
"1987–88 Bundesliga","9","Eintracht Frankfurt","31","34","10","11","13","51","50"
"1987–88 Bundesliga","10","Hannover 96","31","34","12","7","15","59","60"
"1987–88 Bundesliga","11","Bayer 05 Uerdingen","31","34","11","9","14","59","61"
"1987–88 Bundesliga","12","VfL Bochum","30","34","10","10","14","47","51"
"1987–88 Bundesliga","13","Borussia Dortmund","29","34","9","11","14","51","54"
"1987–88 Bundesliga","14","1. FC Kaiserslautern","29","34","11","7","16","53","62"
"1987–88 Bundesliga","15","Karlsruher SC","29","34","9","11","14","37","55"
"1987–88 Bundesliga","16","Waldhof Mannheim","28","34","7","14","13","35","50"
"1987–88 Bundesliga","17","FC Homburg","24","34","7","10","17","37","70"
"1987–88 Bundesliga","18","Schalke 04","23","34","8","7","19","48","84"
"1988–89 Bundesliga","1","Bayern Munich","50","34","19","12","3","67","26"
"1988–89 Bundesliga","2","1. FC Köln","45","34","18","9","7","58","30"
"1988–89 Bundesliga","3","Werder Bremen","44","34","18","8","8","55","32"
"1988–89 Bundesliga","4","Hamburger SV","43","34","17","9","8","60","36"
"1988–89 Bundesliga","5","VfB Stuttgart","39","34","16","7","11","58","49"
"1988–89 Bundesliga","6","Borussia Mönchengladbach","38","34","12","14","8","44","43"
"1988–89 Bundesliga","7","Borussia Dortmund","37","34","12","13","9","56","40"
"1988–89 Bundesliga","8","Bayer Leverkusen","34","34","10","14","10","45","44"
"1988–89 Bundesliga","9","1. FC Kaiserslautern","33","34","10","13","11","47","44"
"1988–89 Bundesliga","10","FC St. Pauli","32","34","9","14","11","41","42"
"1988–89 Bundesliga","11","Karlsruher SC","32","34","12","8","14","48","51"
"1988–89 Bundesliga","12","Waldhof Mannheim","31","34","10","11","13","43","52"
"1988–89 Bundesliga","13","Bayer 05 Uerdingen","31","34","10","11","13","50","60"
"1988–89 Bundesliga","14","1. FC Nürnberg","26","34","8","10","16","36","54"
"1988–89 Bundesliga","15","VfL Bochum","26","34","9","8","17","37","57"
"1988–89 Bundesliga","16","Eintracht Frankfurt","26","34","8","10","16","30","53"
"1988–89 Bundesliga","17","Stuttgarter Kickers","26","34","10","6","18","41","68"
"1988–89 Bundesliga","18","Hannover 96","19","34","4","11","19","36","71"
"1989–90 Bundesliga","1","Bayern Munich","49","34","19","11","4","64","28"
"1989–90 Bundesliga","2","1. FC Köln","43","34","17","9","8","54","44"
"1989–90 Bundesliga","3","Eintracht Frankfurt","41","34","15","11","8","61","40"
"1989–90 Bundesliga","4","Borussia Dortmund","41","34","15","11","8","51","35"
"1989–90 Bundesliga","5","Bayer Leverkusen","39","34","12","15","7","40","32"
"1989–90 Bundesliga","6","VfB Stuttgart","36","34","15","6","13","53","47"
"1989–90 Bundesliga","7","Werder Bremen","34","34","10","14","10","49","41"
"1989–90 Bundesliga","8","1. FC Nürnberg","33","34","11","11","12","42","46"
"1989–90 Bundesliga","9","Fortuna Düsseldorf","32","34","10","12","12","41","41"
"1989–90 Bundesliga","10","Karlsruher SC","32","34","10","12","12","32","39"
"1989–90 Bundesliga","11","Hamburger SV","31","34","13","5","16","39","46"
"1989–90 Bundesliga","12","1. FC Kaiserslautern","31","34","10","11","13","42","55"
"1989–90 Bundesliga","13","FC St. Pauli","31","34","9","13","12","31","46"
"1989–90 Bundesliga","14","Bayer 05 Uerdingen","30","34","10","10","14","41","48"
"1989–90 Bundesliga","15","Borussia Mönchengladbach","30","34","11","8","15","37","45"
"1989–90 Bundesliga","16","VfL Bochum","29","34","11","7","16","44","53"
"1989–90 Bundesliga","17","Waldhof Mannheim","26","34","10","6","18","36","53"
"1989–90 Bundesliga","18","FC 08 Homburg","24","34","8","8","18","33","51"
"1990–91 Bundesliga","1","1. FC Kaiserslautern","48","34","19","10","5","72","45"
"1990–91 Bundesliga","2","Bayern Munich","45","34","18","9","7","74","41"
"1990–91 Bundesliga","3","Werder Bremen","42","34","14","14","6","46","29"
"1990–91 Bundesliga","4","Eintracht Frankfurt","40","34","15","10","9","63","40"
"1990–91 Bundesliga","5","Hamburger SV","40","34","16","8","10","60","38"
"1990–91 Bundesliga","6","VfB Stuttgart","38","34","14","10","10","57","44"
"1990–91 Bundesliga","7","1. FC Köln","37","34","13","11","10","50","43"
"1990–91 Bundesliga","8","Bayer Leverkusen","35","34","11","13","10","47","46"
"1990–91 Bundesliga","9","Borussia Mönchengladbach","35","34","9","17","8","49","54"
"1990–91 Bundesliga","10","Borussia Dortmund","34","34","10","14","10","46","57"
"1990–91 Bundesliga","11","SG Wattenscheid 09","33","34","9","15","10","42","51"
"1990–91 Bundesliga","12","Fortuna Düsseldorf","32","34","11","10","13","40","49"
"1990–91 Bundesliga","13","Karlsruher SC","31","34","8","15","11","46","52"
"1990–91 Bundesliga","14","VfL Bochum","29","34","9","11","14","50","52"
"1990–91 Bundesliga","15","1. FC Nürnberg","29","34","10","9","15","40","54"
"1990–91 Bundesliga","16","FC St. Pauli","27","34","6","15","13","33","53"
"1990–91 Bundesliga","17","Bayer 05 Uerdingen","23","34","5","13","16","34","54"
"1990–91 Bundesliga","18","Hertha BSC","14","34","3","8","23","37","84"
"1991–92 Bundesliga","1","VfB Stuttgart","52","38","21","10","7","62","32"
"1991–92 Bundesliga","2","Borussia Dortmund","52","38","20","12","6","66","47"
"1991–92 Bundesliga","3","Eintracht Frankfurt","50","38","18","14","6","76","41"
"1991–92 Bundesliga","4","1. FC Köln","44","38","13","18","7","58","41"
"1991–92 Bundesliga","5","1. FC Kaiserslautern","44","38","17","10","11","58","42"
"1991–92 Bundesliga","6","Bayer Leverkusen","43","38","15","13","10","53","39"
"1991–92 Bundesliga","7","1. FC Nürnberg","43","38","18","7","13","54","51"
"1991–92 Bundesliga","8","Karlsruher SC","41","38","16","9","13","48","50"
"1991–92 Bundesliga","9","Werder Bremen","38","38","11","16","11","44","45"
"1991–92 Bundesliga","10","Bayern Munich","36","38","13","10","15","59","61"
"1991–92 Bundesliga","11","Schalke 04","34","38","11","12","15","45","45"
"1991–92 Bundesliga","12","Hamburger SV","34","38","9","16","13","32","43"
"1991–92 Bundesliga","13","Borussia Mönchengladbach","34","38","10","14","14","37","49"
"1991–92 Bundesliga","14","Dynamo Dresden","34","38","12","10","16","34","50"
"1991–92 Bundesliga","15","VfL Bochum","33","38","10","13","15","38","55"
"1991–92 Bundesliga","16","SG Wattenscheid 09","32","38","9","14","15","50","60"
"1991–92 Bundesliga","17","Stuttgarter Kickers","31","38","10","11","17","53","64"
"1991–92 Bundesliga","18","Hansa Rostock","31","38","10","11","17","43","55"
"1991–92 Bundesliga","19","MSV Duisburg","30","38","7","16","15","43","55"
"1991–92 Bundesliga","20","Fortuna Düsseldorf","24","38","6","12","20","41","69"
"1992–93 Bundesliga","1","Werder Bremen","48","34","19","10","5","63","30"
"1992–93 Bundesliga","2","Bayern Munich","47","34","18","11","5","74","45"
"1992–93 Bundesliga","3","Eintracht Frankfurt","42","34","15","12","7","56","39"
"1992–93 Bundesliga","4","Borussia Dortmund","41","34","18","5","11","61","43"
"1992–93 Bundesliga","5","Bayer Leverkusen","40","34","14","12","8","64","45"
"1992–93 Bundesliga","6","Karlsruher SC","39","34","14","11","9","60","54"
"1992–93 Bundesliga","7","VfB Stuttgart","36","34","12","12","10","56","50"
"1992–93 Bundesliga","8","1. FC Kaiserslautern","35","34","13","9","12","50","40"
"1992–93 Bundesliga","9","Borussia Mönchengladbach","35","34","13","9","12","59","59"
"1992–93 Bundesliga","10","Schalke 04","34","34","11","12","11","42","43"
"1992–93 Bundesliga","11","Hamburger SV","31","34","8","15","11","42","44"
"1992–93 Bundesliga","12","1. FC Köln","28","34","12","4","18","41","51"
"1992–93 Bundesliga","13","1. FC Nürnberg","28","34","10","8","16","30","47"
"1992–93 Bundesliga","14","SG Wattenscheid 09","28","34","10","8","16","46","67"
"1992–93 Bundesliga","15","Dynamo Dresden","27","34","7","13","14","32","49"
"1992–93 Bundesliga","16","VfL Bochum","26","34","8","10","16","45","52"
"1992–93 Bundesliga","17","Bayer 05 Uerdingen","24","34","7","10","17","35","64"
"1992–93 Bundesliga","18","1. FC Saarbrücken","23","34","5","13","16","37","71"
"1993–94 Bundesliga","1","Bayern Munich","44","34","17","10","7","68","37"
"1993–94 Bundesliga","2","1. FC Kaiserslautern","43","34","18","7","9","64","36"
"1993–94 Bundesliga","3","Bayer Leverkusen","39","34","14","11","9","60","47"
"1993–94 Bundesliga","4","Borussia Dortmund","39","34","15","9","10","49","45"
"1993–94 Bundesliga","5","Eintracht Frankfurt","38","34","15","8","11","57","41"
"1993–94 Bundesliga","6","Karlsruher SC","38","34","14","10","10","46","43"
"1993–94 Bundesliga","7","VfB Stuttgart","37","34","13","11","10","51","43"
"1993–94 Bundesliga","8","Werder Bremen","36","34","13","10","11","51","44"
"1993–94 Bundesliga","9","MSV Duisburg","36","34","14","8","12","41","52"
"1993–94 Bundesliga","10","Borussia Mönchengladbach","35","34","14","7","13","65","59"
"1993–94 Bundesliga","11","1. FC Köln","34","34","14","6","14","49","51"
"1993–94 Bundesliga","12","Hamburger SV","34","34","13","8","13","48","52"
"1993–94 Bundesliga","13","Dynamo Dresden","30","34","10","14","10","33","44"
"1993–94 Bundesliga","14","Schalke 04","29","34","10","9","15","38","50"
"1993–94 Bundesliga","15","SC Freiburg","28","34","10","8","16","54","57"
"1993–94 Bundesliga","16","1. FC Nürnberg","28","34","10","8","16","41","55"
"1993–94 Bundesliga","17","SG Wattenscheid 09","23","34","6","11","17","48","70"
"1993–94 Bundesliga","18","VfB Leipzig","17","34","3","11","20","32","69"
"1994–95 Bundesliga","1","Borussia Dortmund","49","34","20","9","5","67","33"
"1994–95 Bundesliga","2","Werder Bremen","48","34","20","8","6","70","39"
"1994–95 Bundesliga","3","SC Freiburg","46","34","20","6","8","66","44"
"1994–95 Bundesliga","4","1. FC Kaiserslautern","46","34","17","12","5","58","41"
"1994–95 Bundesliga","5","Borussia Mönchengladbach","43","34","17","9","8","66","41"
"1994–95 Bundesliga","6","Bayern Munich","43","34","15","13","6","55","41"
"1994–95 Bundesliga","7","Bayer Leverkusen","36","34","13","10","11","62","51"
"1994–95 Bundesliga","8","Karlsruher SC","36","34","11","14","9","51","47"
"1994–95 Bundesliga","9","Eintracht Frankfurt","33","34","12","9","13","41","49"
"1994–95 Bundesliga","10","1. FC Köln","32","34","11","10","13","54","54"
"1994–95 Bundesliga","11","Schalke 04","31","34","10","11","13","48","54"
"1994–95 Bundesliga","12","VfB Stuttgart","30","34","10","10","14","52","66"
"1994–95 Bundesliga","13","Hamburger SV","29","34","10","9","15","43","50"
"1994–95 Bundesliga","14","1860 Munich","27","34","8","11","15","41","57"
"1994–95 Bundesliga","15","Bayer 05 Uerdingen","25","34","7","11","16","37","52"
"1994–95 Bundesliga","16","VfL Bochum","22","34","9","4","21","43","67"
"1994–95 Bundesliga","17","MSV Duisburg","20","34","6","8","20","31","64"
"1994–95 Bundesliga","18","Dynamo Dresden","16","34","4","8","22","33","68"
"1995–96 Bundesliga","1","Borussia Dortmund","68","34","19","11","4","76","38"
"1995–96 Bundesliga","2","Bayern Munich","62","34","19","5","10","66","46"
"1995–96 Bundesliga","3","Schalke 04","56","34","14","14","6","45","36"
"1995–96 Bundesliga","4","Borussia Mönchengladbach","53","34","15","8","11","52","51"
"1995–96 Bundesliga","5","Hamburger SV","50","34","12","14","8","52","47"
"1995–96 Bundesliga","6","Hansa Rostock","49","34","13","10","11","47","43"
"1995–96 Bundesliga","7","Karlsruher SC","48","34","12","12","10","53","47"
"1995–96 Bundesliga","8","1860 Munich","45","34","11","12","11","52","46"
"1995–96 Bundesliga","9","Werder Bremen","44","34","10","14","10","39","42"
"1995–96 Bundesliga","10","VfB Stuttgart","43","34","10","13","11","59","62"
"1995–96 Bundesliga","11","SC Freiburg","42","34","11","9","14","30","41"
"1995–96 Bundesliga","12","1. FC Köln","40","34","9","13","12","33","35"
"1995–96 Bundesliga","13","Fortuna Düsseldorf","40","34","8","16","10","40","47"
"1995–96 Bundesliga","14","Bayer Leverkusen","38","34","8","14","12","37","38"
"1995–96 Bundesliga","15","FC St. Pauli","38","34","9","11","14","43","51"
"1995–96 Bundesliga","16","1. FC Kaiserslautern","36","34","6","18","10","31","37"
"1995–96 Bundesliga","17","Eintracht Frankfurt","32","34","7","11","16","43","68"
"1995–96 Bundesliga","18","KFC Uerdingen","26","34","5","11","18","33","56"
"1996–97 Bundesliga","1","Bayern Munich","71","34","20","11","3","68","34"
"1996–97 Bundesliga","2","Bayer Leverkusen","69","34","21","6","7","69","41"
"1996–97 Bundesliga","3","Borussia Dortmund","63","34","19","6","9","63","41"
"1996–97 Bundesliga","4","VfB Stuttgart","61","34","18","7","9","78","40"
"1996–97 Bundesliga","5","VfL Bochum","53","34","14","11","9","54","51"
"1996–97 Bundesliga","6","Karlsruher SC","49","34","13","10","11","55","44"
"1996–97 Bundesliga","7","1860 Munich","49","34","13","10","11","56","56"
"1996–97 Bundesliga","8","Werder Bremen","48","34","14","6","14","53","52"
"1996–97 Bundesliga","9","MSV Duisburg","45","34","12","9","13","44","49"
"1996–97 Bundesliga","10","1. FC Köln","44","34","13","5","16","62","62"
"1996–97 Bundesliga","11","Borussia Mönchengladbach","43","34","12","7","15","46","48"
"1996–97 Bundesliga","12","Schalke 04","43","34","11","10","13","35","40"
"1996–97 Bundesliga","13","Hamburger SV","41","34","10","11","13","46","60"
"1996–97 Bundesliga","14","Arminia Bielefeld","40","34","11","7","16","46","54"
"1996–97 Bundesliga","15","Hansa Rostock","40","34","11","7","16","35","46"
"1996–97 Bundesliga","16","Fortuna Düsseldorf","33","34","9","6","19","26","57"
"1996–97 Bundesliga","17","SC Freiburg","29","34","8","5","21","43","67"
"1996–97 Bundesliga","18","FC St. Pauli","27","34","7","6","21","32","69"
"1997–98 Bundesliga","1","1. FC Kaiserslautern","68","34","19","11","4","63","39"
"1997–98 Bundesliga","2","Bayern Munich","66","34","19","9","6","69","37"
"1997–98 Bundesliga","3","Bayer Leverkusen","55","34","14","13","7","66","39"
"1997–98 Bundesliga","4","VfB Stuttgart","52","34","14","10","10","55","49"
"1997–98 Bundesliga","5","Schalke 04","52","34","13","13","8","38","32"
"1997–98 Bundesliga","6","Hansa Rostock","51","34","14","9","11","54","46"
"1997–98 Bundesliga","7","Werder Bremen","50","34","14","8","12","43","47"
"1997–98 Bundesliga","8","MSV Duisburg","44","34","11","11","12","43","44"
"1997–98 Bundesliga","9","Hamburger SV","44","34","11","11","12","38","46"
"1997–98 Bundesliga","10","Borussia Dortmund","43","34","11","10","13","57","55"
"1997–98 Bundesliga","11","Hertha BSC","43","34","12","7","15","41","53"
"1997–98 Bundesliga","12","VfL Bochum","41","34","11","8","15","41","49"
"1997–98 Bundesliga","13","1860 Munich","41","34","11","8","15","43","54"
"1997–98 Bundesliga","14","VfL Wolfsburg","39","34","11","6","17","38","54"
"1997–98 Bundesliga","15","Borussia Mönchengladbach","38","34","9","11","14","54","59"
"1997–98 Bundesliga","16","Karlsruher SC","38","34","9","11","14","48","60"
"1997–98 Bundesliga","17","1. FC Köln","36","34","10","6","18","49","64"
"1997–98 Bundesliga","18","Arminia Bielefeld","32","34","8","8","18","43","56"
"1998–99 Bundesliga","1","Bayern Munich","78","34","24","6","4","76","28"
"1998–99 Bundesliga","2","Bayer Leverkusen","63","34","17","12","5","61","30"
"1998–99 Bundesliga","3","Hertha BSC","62","34","18","8","8","59","32"
"1998–99 Bundesliga","4","Borussia Dortmund","57","34","16","9","9","48","34"
"1998–99 Bundesliga","5","1. FC Kaiserslautern","57","34","17","6","11","51","47"
"1998–99 Bundesliga","6","VfL Wolfsburg","55","34","15","10","9","54","49"
"1998–99 Bundesliga","7","Hamburger SV","50","34","13","11","10","47","46"
"1998–99 Bundesliga","8","MSV Duisburg","49","34","13","10","11","48","45"
"1998–99 Bundesliga","9","1860 Munich","41","34","11","8","15","49","56"
"1998–99 Bundesliga","10","Schalke 04","41","34","10","11","13","41","54"
"1998–99 Bundesliga","11","VfB Stuttgart","39","34","9","12","13","41","48"
"1998–99 Bundesliga","12","SC Freiburg","39","34","10","9","15","36","44"
"1998–99 Bundesliga","13","Werder Bremen","38","34","10","8","16","41","47"
"1998–99 Bundesliga","14","Hansa Rostock","38","34","9","11","14","49","58"
"1998–99 Bundesliga","15","Eintracht Frankfurt","37","34","9","10","15","44","54"
"1998–99 Bundesliga","16","1. FC Nürnberg","37","34","7","16","11","40","50"
"1998–99 Bundesliga","17","VfL Bochum","29","34","7","8","19","40","65"
"1998–99 Bundesliga","18","Borussia Mönchengladbach","21","34","4","9","21","41","79"
"1999–2000 Bundesliga","1","Bayern Munich","73","34","22","7","5","73","28"
"1999–2000 Bundesliga","2","Bayer Leverkusen","73","34","21","10","3","74","36"
"1999–2000 Bundesliga","3","Hamburger SV","59","34","16","11","7","63","39"
"1999–2000 Bundesliga","4","1860 Munich","53","34","14","11","9","55","48"
"1999–2000 Bundesliga","5","1. FC Kaiserslautern","50","34","15","5","14","54","59"
"1999–2000 Bundesliga","6","Hertha BSC","50","34","13","11","10","39","46"
"1999–2000 Bundesliga","7","VfL Wolfsburg","49","34","12","13","9","51","58"
"1999–2000 Bundesliga","8","VfB Stuttgart","48","34","14","6","14","44","47"
"1999–2000 Bundesliga","9","Werder Bremen","47","34","13","8","13","65","52"
"1999–2000 Bundesliga","10","SpVgg Unterhaching","44","34","12","8","14","40","42"
"1999–2000 Bundesliga","11","Borussia Dortmund","40","34","9","13","12","41","38"
"1999–2000 Bundesliga","12","SC Freiburg","40","34","10","10","14","45","50"
"1999–2000 Bundesliga","13","Schalke 04","39[b]","34","8","15","11","42","44"
"1999–2000 Bundesliga","14","Eintracht Frankfurt","39[b]","34","12","5","17","42","44"
"1999–2000 Bundesliga","15","Hansa Rostock","38","34","8","14","12","44","60"
"1999–2000 Bundesliga","16","SSV Ulm 1846","35","34","9","8","17","36","62"
"1999–2000 Bundesliga","17","Arminia Bielefeld","30","34","7","9","18","40","61"
"1999–2000 Bundesliga","18","MSV Duisburg","22","34","4","10","20","37","71"
"2000–01 Bundesliga","1","Bayern Munich","63","34","19","6","9","62","37"
"2000–01 Bundesliga","2","Schalke 04","62","34","18","8","8","65","35"
"2000–01 Bundesliga","3","Borussia Dortmund","58","34","16","10","8","62","42"
"2000–01 Bundesliga","4","Bayer Leverkusen","57","34","17","6","11","54","40"
"2000–01 Bundesliga","5","Hertha BSC","56","34","18","2","14","58","52"
"2000–01 Bundesliga","6","SC Freiburg","55","34","15","10","9","54","37"
"2000–01 Bundesliga","7","Werder Bremen","53","34","15","8","11","53","48"
"2000–01 Bundesliga","8","1. FC Kaiserslautern","50","34","15","5","14","49","54"
"2000–01 Bundesliga","9","VfL Wolfsburg","47","34","12","11","11","60","45"
"2000–01 Bundesliga","10","1. FC Köln","46","34","12","10","12","59","52"
"2000–01 Bundesliga","11","1860 Munich","44","34","12","8","14","43","55"
"2000–01 Bundesliga","12","Hansa Rostock","43","34","12","7","15","34","47"
"2000–01 Bundesliga","13","Hamburger SV","41","34","10","11","13","58","58"
"2000–01 Bundesliga","14","Energie Cottbus","39","34","12","3","19","38","52"
"2000–01 Bundesliga","15","VfB Stuttgart","38","34","9","11","14","42","49"
"2000–01 Bundesliga","16","SpVgg Unterhaching","35","34","8","11","15","35","59"
"2000–01 Bundesliga","17","Eintracht Frankfurt","35","34","10","5","19","41","68"
"2000–01 Bundesliga","18","VfL Bochum","27","34","7","6","21","30","67"
"2001–02 Bundesliga","1","Borussia Dortmund","70","34","21","7","6","62","33"
"2001–02 Bundesliga","2","Bayer Leverkusen","69","34","21","6","7","77","38"
"2001–02 Bundesliga","3","Bayern Munich","68","34","20","8","6","65","25"
"2001–02 Bundesliga","4","Hertha BSC","61","34","18","7","9","61","38"
"2001–02 Bundesliga","5","Schalke 04","61","34","18","7","9","52","36"
"2001–02 Bundesliga","6","Werder Bremen","56","34","17","5","12","54","43"
"2001–02 Bundesliga","7","1. FC Kaiserslautern","56","34","17","5","12","62","53"
"2001–02 Bundesliga","8","VfB Stuttgart","50","34","13","11","10","47","43"
"2001–02 Bundesliga","9","1860 Munich","50","34","15","5","14","59","59"
"2001–02 Bundesliga","10","VfL Wolfsburg","46","34","13","7","14","57","49"
"2001–02 Bundesliga","11","Hamburger SV","40","34","10","10","14","51","57"
"2001–02 Bundesliga","12","Borussia Mönchengladbach","39","34","9","12","13","41","53"
"2001–02 Bundesliga","13","Energie Cottbus","35","34","9","8","17","36","60"
"2001–02 Bundesliga","14","Hansa Rostock","34","34","9","7","18","35","54"
"2001–02 Bundesliga","15","1. FC Nürnberg","34","34","10","4","20","34","57"
"2001–02 Bundesliga","16","SC Freiburg","30","34","7","9","18","37","64"
"2001–02 Bundesliga","17","1. FC Köln","29","34","7","8","19","26","61"
"2001–02 Bundesliga","18","FC St. Pauli","22","34","4","10","20","37","70"
"2002–03 Bundesliga","1","Bayern Munich","75","34","23","6","5","70","25"
"2002–03 Bundesliga","2","VfB Stuttgart","59","34","17","8","9","53","39"
"2002–03 Bundesliga","3","Borussia Dortmund","58","34","15","13","6","51","27"
"2002–03 Bundesliga","4","Hamburger SV","56","34","15","11","8","46","36"
"2002–03 Bundesliga","5","Hertha BSC","54","34","16","6","12","52","43"
"2002–03 Bundesliga","6","Werder Bremen","52","34","16","4","14","51","50"
"2002–03 Bundesliga","7","Schalke 04","49","34","12","13","9","46","40"
"2002–03 Bundesliga","8","VfL Wolfsburg","46","34","13","7","14","39","42"
"2002–03 Bundesliga","9","VfL Bochum","45","34","12","9","13","55","56"
"2002–03 Bundesliga","10","1860 Munich","45","34","12","9","13","44","52"
"2002–03 Bundesliga","11","Hannover 96","43","34","12","7","15","47","57"
"2002–03 Bundesliga","12","Borussia Mönchengladbach","42","34","11","9","14","43","45"
"2002–03 Bundesliga","13","Hansa Rostock","41","34","11","8","15","35","41"
"2002–03 Bundesliga","14","1. FC Kaiserslautern","40","34","10","10","14","40","42"
"2002–03 Bundesliga","15","Bayer Leverkusen","40","34","11","7","16","47","56"
"2002–03 Bundesliga","16","Arminia Bielefeld","36","34","8","12","14","35","46"
"2002–03 Bundesliga","17","1. FC Nürnberg","30","34","8","6","20","33","60"
"2002–03 Bundesliga","18","Energie Cottbus","30","34","7","9","18","34","64"
"2003–04 Bundesliga","1","Werder Bremen","74","34","22","8","4","79","38"
"2003–04 Bundesliga","2","Bayern Munich","68","34","20","8","6","70","39"
"2003–04 Bundesliga","3","Bayer Leverkusen","65","34","19","8","7","73","39"
"2003–04 Bundesliga","4","VfB Stuttgart","64","34","18","10","6","52","24"
"2003–04 Bundesliga","5","VfL Bochum","56","34","15","11","8","57","39"
"2003–04 Bundesliga","6","Borussia Dortmund","55","34","16","7","11","59","48"
"2003–04 Bundesliga","7","Schalke 04","50","34","13","11","10","49","42"
"2003–04 Bundesliga","8","Hamburger SV","49","34","14","7","13","47","60"
"2003–04 Bundesliga","9","Hansa Rostock","44","34","12","8","14","55","54"
"2003–04 Bundesliga","10","VfL Wolfsburg","42","34","13","3","18","56","61"
"2003–04 Bundesliga","11","Borussia Mönchengladbach","39","34","10","9","15","40","49"
"2003–04 Bundesliga","12","Hertha BSC","39","34","9","12","13","42","59"
"2003–04 Bundesliga","13","SC Freiburg","38","34","10","8","16","42","67"
"2003–04 Bundesliga","14","Hannover 96","37","34","9","10","15","49","63"
"2003–04 Bundesliga","15","1. FC Kaiserslautern","36","34","11","6","17","39","62"
"2003–04 Bundesliga","16","Eintracht Frankfurt","32","34","9","5","20","36","53"
"2003–04 Bundesliga","17","1860 Munich","32","34","8","8","18","32","55"
"2003–04 Bundesliga","18","1. FC Köln","23","34","6","5","23","32","57"
"2004–05 Bundesliga","1","Bayern Munich","77","34","24","5","5","75","33"
"2004–05 Bundesliga","2","Schalke 04","63","34","20","3","11","56","46"
"2004–05 Bundesliga","3","Werder Bremen","59","34","18","5","11","68","37"
"2004–05 Bundesliga","4","Hertha BSC","58","34","15","13","6","59","31"
"2004–05 Bundesliga","5","VfB Stuttgart","58","34","17","7","10","54","40"
"2004–05 Bundesliga","6","Bayer Leverkusen","57","34","16","9","9","65","44"
"2004–05 Bundesliga","7","Borussia Dortmund","55","34","15","10","9","47","44"
"2004–05 Bundesliga","8","Hamburger SV","51","34","16","3","15","55","50"
"2004–05 Bundesliga","9","VfL Wolfsburg","48","34","15","3","16","49","51"
"2004–05 Bundesliga","10","Hannover 96","45","34","13","6","15","34","36"
"2004–05 Bundesliga","11","Mainz 05","43","34","12","7","15","50","55"
"2004–05 Bundesliga","12","1. FC Kaiserslautern","42","34","12","6","16","43","52"
"2004–05 Bundesliga","13","Arminia Bielefeld","40","34","11","7","16","37","49"
"2004–05 Bundesliga","14","1. FC Nürnberg","38","34","10","8","16","55","63"
"2004–05 Bundesliga","15","Borussia Mönchengladbach","36","34","8","12","14","35","51"
"2004–05 Bundesliga","16","VfL Bochum","35","34","9","8","17","47","68"
"2004–05 Bundesliga","17","Hansa Rostock","30","34","7","9","18","31","65"
"2004–05 Bundesliga","18","SC Freiburg","18","34","3","9","22","30","75"
"2005–06 Bundesliga","1","Bayern Munich","75","34","22","9","3","67","32"
"2005–06 Bundesliga","2","Werder Bremen","70","34","21","7","6","79","37"
"2005–06 Bundesliga","3","Hamburger SV","68","34","21","5","8","53","30"
"2005–06 Bundesliga","4","Schalke 04","61","34","16","13","5","47","31"
"2005–06 Bundesliga","5","Bayer Leverkusen","52","34","14","10","10","64","49"
"2005–06 Bundesliga","6","Hertha BSC","48","34","12","12","10","52","48"
"2005–06 Bundesliga","7","Borussia Dortmund","46","34","11","13","10","45","42"
"2005–06 Bundesliga","8","1. FC Nürnberg","44","34","12","8","14","49","51"
"2005–06 Bundesliga","9","VfB Stuttgart","43","34","9","16","9","37","39"
"2005–06 Bundesliga","10","Borussia Mönchengladbach","42","34","10","12","12","42","50"
"2005–06 Bundesliga","11","Mainz 05","38","34","9","11","14","46","47"
"2005–06 Bundesliga","12","Hannover 96","38","34","7","17","10","43","47"
"2005–06 Bundesliga","13","Arminia Bielefeld","37","34","10","7","17","32","47"
"2005–06 Bundesliga","14","Eintracht Frankfurt","36","34","9","9","16","42","51"
"2005–06 Bundesliga","15","VfL Wolfsburg","34","34","7","13","14","33","55"
"2005–06 Bundesliga","16","1. FC Kaiserslautern","33","34","8","9","17","47","71"
"2005–06 Bundesliga","17","1. FC Köln","30","34","7","9","18","49","71"
"2005–06 Bundesliga","18","MSV Duisburg","27","34","5","12","17","34","63"
"2006–07 Bundesliga","1","VfB Stuttgart","70","34","21","7","6","61","37"
"2006–07 Bundesliga","2","Schalke 04","68","34","21","5","8","53","32"
"2006–07 Bundesliga","3","Werder Bremen","66","34","20","6","8","76","40"
"2006–07 Bundesliga","4","Bayern Munich","60","34","18","6","10","55","40"
"2006–07 Bundesliga","5","Bayer Leverkusen","51","34","15","6","13","54","49"
"2006–07 Bundesliga","6","1. FC Nürnberg","48","34","11","15","8","43","32"
"2006–07 Bundesliga","7","Hamburger SV","45","34","10","15","9","43","37"
"2006–07 Bundesliga","8","VfL Bochum","45","34","13","6","15","49","50"
"2006–07 Bundesliga","9","Borussia Dortmund","44","34","12","8","14","41","43"
"2006–07 Bundesliga","10","Hertha BSC","44","34","12","8","14","50","55"
"2006–07 Bundesliga","11","Hannover 96","44","34","12","8","14","41","50"
"2006–07 Bundesliga","12","Arminia Bielefeld","42","34","11","9","14","47","49"
"2006–07 Bundesliga","13","Energie Cottbus","41","34","11","8","15","38","49"
"2006–07 Bundesliga","14","Eintracht Frankfurt","40","34","9","13","12","46","58"
"2006–07 Bundesliga","15","VfL Wolfsburg","37","34","8","13","13","37","45"
"2006–07 Bundesliga","16","Mainz 05","34","34","8","10","16","34","57"
"2006–07 Bundesliga","17","Alemannia Aachen","34","34","9","7","18","46","70"
"2006–07 Bundesliga","18","Borussia Mönchengladbach","26","34","6","8","20","23","44"
"2007–08 Bundesliga","1","Bayern Munich","76","34","22","10","2","68","21"
"2007–08 Bundesliga","2","Werder Bremen","66","34","20","6","8","75","45"
"2007–08 Bundesliga","3","Schalke 04","64","34","18","10","6","55","32"
"2007–08 Bundesliga","4","Hamburger SV","54","34","14","12","8","47","26"
"2007–08 Bundesliga","5","VfL Wolfsburg","54","34","15","9","10","58","46"
"2007–08 Bundesliga","6","VfB Stuttgart","52","34","16","4","14","57","57"
"2007–08 Bundesliga","7","Bayer Leverkusen","51","34","15","6","13","57","40"
"2007–08 Bundesliga","8","Hannover 96","49","34","13","10","11","54","56"
"2007–08 Bundesliga","9","Eintracht Frankfurt","46","34","12","10","12","43","50"
"2007–08 Bundesliga","10","Hertha BSC","44","34","12","8","14","39","44"
"2007–08 Bundesliga","11","Karlsruher SC","43","34","11","10","13","38","53"
"2007–08 Bundesliga","12","VfL Bochum","41","34","10","11","13","48","54"
"2007–08 Bundesliga","13","Borussia Dortmund","40","34","10","10","14","50","62"
"2007–08 Bundesliga","14","Energie Cottbus","36","34","9","9","16","35","56"
"2007–08 Bundesliga","15","Arminia Bielefeld","34","34","8","10","16","35","60"
"2007–08 Bundesliga","16","1. FC Nürnberg","31","34","7","10","17","35","51"
"2007–08 Bundesliga","17","Hansa Rostock","30","34","8","6","20","30","52"
"2007–08 Bundesliga","18","MSV Duisburg","29","34","8","5","21","36","55"
"2008–09 Bundesliga","1","VfL Wolfsburg","69","34","21","6","7","80","41"
"2008–09 Bundesliga","2","Bayern Munich","67","34","20","7","7","71","42"
"2008–09 Bundesliga","3","VfB Stuttgart","64","34","19","7","8","63","43"
"2008–09 Bundesliga","4","Hertha BSC","63","34","19","6","9","48","41"
"2008–09 Bundesliga","5","Hamburger SV","61","34","19","4","11","49","47"
"2008–09 Bundesliga","6","Borussia Dortmund","59","34","15","14","5","60","37"
"2008–09 Bundesliga","7","1899 Hoffenheim","55","34","15","10","9","63","49"
"2008–09 Bundesliga","8","Schalke 04","50","34","14","8","12","47","35"
"2008–09 Bundesliga","9","Bayer Leverkusen","49","34","14","7","13","59","46"
"2008–09 Bundesliga","10","Werder Bremen","45","34","12","9","13","64","50"
"2008–09 Bundesliga","11","Hannover 96","40","34","10","10","14","49","69"
"2008–09 Bundesliga","12","1. FC Köln","39","34","11","6","17","35","50"
"2008–09 Bundesliga","13","Eintracht Frankfurt","33","34","8","9","17","39","60"
"2008–09 Bundesliga","14","VfL Bochum","32","34","7","11","16","39","55"
"2008–09 Bundesliga","15","Borussia Mönchengladbach","31","34","8","7","19","39","62"
"2008–09 Bundesliga","16","Energie Cottbus","30","34","8","6","20","30","57"
"2008–09 Bundesliga","17","Karlsruher SC","29","34","8","5","21","30","54"
"2008–09 Bundesliga","18","Arminia Bielefeld","28","34","4","16","14","29","56"
"2009–10 Bundesliga","1","Bayern Munich","70","34","20","10","4","72","31"
"2009–10 Bundesliga","2","Schalke 04","65","34","19","8","7","53","31"
"2009–10 Bundesliga","3","Werder Bremen","61","34","17","10","7","71","40"
"2009–10 Bundesliga","4","Bayer Leverkusen","59","34","15","14","5","65","38"
"2009–10 Bundesliga","5","Borussia Dortmund","57","34","16","9","9","54","42"
"2009–10 Bundesliga","6","VfB Stuttgart","55","34","15","10","9","51","41"
"2009–10 Bundesliga","7","Hamburger SV","52","34","13","13","8","56","41"
"2009–10 Bundesliga","8","VfL Wolfsburg","50","34","14","8","12","64","58"
"2009–10 Bundesliga","9","Mainz 05","47","34","12","11","11","36","42"
"2009–10 Bundesliga","10","Eintracht Frankfurt","46","34","12","10","12","47","54"
"2009–10 Bundesliga","11","1899 Hoffenheim","42","34","11","9","14","44","42"
"2009–10 Bundesliga","12","Borussia Mönchengladbach","39","34","10","9","15","43","60"
"2009–10 Bundesliga","13","1. FC Köln","38","34","9","11","14","33","42"
"2009–10 Bundesliga","14","SC Freiburg","35","34","9","8","17","35","59"
"2009–10 Bundesliga","15","Hannover 96","33","34","9","6","19","43","67"
"2009–10 Bundesliga","16","1. FC Nürnberg","31","34","8","7","19","32","58"
"2009–10 Bundesliga","17","VfL Bochum","28","34","6","10","18","33","64"
"2009–10 Bundesliga","18","Hertha BSC","24","34","5","9","20","34","56"
"2010–11 Bundesliga","1","Borussia Dortmund","75","34","23","6","5","67","22"
"2010–11 Bundesliga","2","Bayer Leverkusen","68","34","20","8","6","64","44"
"2010–11 Bundesliga","3","Bayern Munich","65","34","19","8","7","81","40"
"2010–11 Bundesliga","4","Hannover 96","60","34","19","3","12","49","45"
"2010–11 Bundesliga","5","FSV Mainz 05","58","34","18","4","12","52","39"
"2010–11 Bundesliga","6","1. FC Nürnberg","47","34","13","8","13","47","45"
"2010–11 Bundesliga","7","1. FC Kaiserslautern","46","34","13","7","14","48","51"
"2010–11 Bundesliga","8","Hamburger SV","45","34","12","9","13","46","52"
"2010–11 Bundesliga","9","SC Freiburg","44","34","13","5","16","41","50"
"2010–11 Bundesliga","10","1. FC Köln","44","34","13","5","16","47","62"
"2010–11 Bundesliga","11","1899 Hoffenheim","43","34","11","10","13","50","50"
"2010–11 Bundesliga","12","VfB Stuttgart","42","34","12","6","16","60","59"
"2010–11 Bundesliga","13","Werder Bremen","41","34","10","11","13","47","61"
"2010–11 Bundesliga","14","Schalke 04","40","34","11","7","16","38","44"
"2010–11 Bundesliga","15","VfL Wolfsburg","38","34","9","11","14","43","48"
"2010–11 Bundesliga","16","Borussia Mönchengladbach","36","34","10","6","18","48","65"
"2010–11 Bundesliga","17","Eintracht Frankfurt","34","34","9","7","18","31","49"
"2010–11 Bundesliga","18","FC St. Pauli","29","34","8","5","21","35","68"
"2011–12 Bundesliga","1","Borussia Dortmund","81","34","25","6","3","80","25"
"2011–12 Bundesliga","2","Bayern Munich","73","34","23","4","7","77","22"
"2011–12 Bundesliga","3","Schalke 04","64","34","20","4","10","74","44"
"2011–12 Bundesliga","4","Borussia Mönchengladbach","60","34","17","9","8","49","24"
"2011–12 Bundesliga","5","Bayer Leverkusen","54","34","15","9","10","52","44"
"2011–12 Bundesliga","6","VfB Stuttgart","53","34","15","8","11","63","46"
"2011–12 Bundesliga","7","Hannover 96","48","34","12","12","10","41","45"
"2011–12 Bundesliga","8","VfL Wolfsburg","44","34","13","5","16","47","60"
"2011–12 Bundesliga","9","Werder Bremen","42","34","11","9","14","49","58"
"2011–12 Bundesliga","10","1. FC Nürnberg","42","34","12","6","16","38","49"
"2011–12 Bundesliga","11","1899 Hoffenheim","41","34","10","11","13","41","47"
"2011–12 Bundesliga","12","SC Freiburg","40","34","10","10","14","45","61"
"2011–12 Bundesliga","13","FSV Mainz 05","39","34","9","12","13","47","51"
"2011–12 Bundesliga","14","FC Augsburg","38","34","8","14","12","36","49"
"2011–12 Bundesliga","15","Hamburger SV","36","34","8","12","14","35","57"
"2011–12 Bundesliga","16","Hertha BSC","31","34","7","10","17","38","64"
"2011–12 Bundesliga","17","1. FC Köln","30","34","8","6","20","39","75"
"2011–12 Bundesliga","18","1. FC Kaiserslautern","23","34","4","11","19","24","54"
"2012–13 Bundesliga","1","Bayern Munich","91","34","29","4","1","98","18"
"2012–13 Bundesliga","2","Borussia Dortmund","66","34","19","9","6","81","42"
"2012–13 Bundesliga","3","Bayer Leverkusen","65","34","19","8","7","65","39"
"2012–13 Bundesliga","4","Schalke 04","55","34","16","7","11","58","50"
"2012–13 Bundesliga","5","SC Freiburg","51","34","14","9","11","45","40"
"2012–13 Bundesliga","6","Eintracht Frankfurt","51","34","14","9","11","49","46"
"2012–13 Bundesliga","7","Hamburger SV","48","34","14","6","14","42","53"
"2012–13 Bundesliga","8","Borussia Mönchengladbach","47","34","12","11","11","45","49"
"2012–13 Bundesliga","9","Hannover 96","45","34","13","6","15","60","62"
"2012–13 Bundesliga","10","1. FC Nürnberg","44","34","11","11","12","39","47"
"2012–13 Bundesliga","11","VfL Wolfsburg","43","34","10","13","11","47","52"
"2012–13 Bundesliga","12","VfB Stuttgart","43","34","12","7","15","37","55"
"2012–13 Bundesliga","13","Mainz 05","42","34","10","12","12","42","44"
"2012–13 Bundesliga","14","Werder Bremen","34","34","8","10","16","50","66"
"2012–13 Bundesliga","15","FC Augsburg","33","34","8","9","17","33","51"
"2012–13 Bundesliga","16","1899 Hoffenheim","31","34","8","7","19","42","67"
"2012–13 Bundesliga","17","Fortuna Düsseldorf","30","34","7","9","18","39","57"
"2012–13 Bundesliga","18","SpVgg Greuther Fürth","21","34","4","9","21","26","60"
"2013–14 Bundesliga","1","Bayern","90","34","29","3","2","94","23"
"2013–14 Bundesliga","2","Borussia Dortmund","71","34","22","5","7","80","38"
"2013–14 Bundesliga","3","Schalke 04","64","34","19","7","8","63","43"
"2013–14 Bundesliga","4","Bayer Leverkusen","61","34","19","4","11","60","41"
"2013–14 Bundesliga","5","VfL Wolfsburg","60","34","18","6","10","63","50"
"2013–14 Bundesliga","6","Borussia Mönchengladbach","55","34","16","7","11","59","43"
"2013–14 Bundesliga","7","Mainz 05","53","34","16","5","13","52","54"
"2013–14 Bundesliga","8","FC Augsburg","52","34","15","7","12","47","47"
"2013–14 Bundesliga","9","1899 Hoffenheim","44","34","11","11","12","72","70"
"2013–14 Bundesliga","10","Hannover 96","42","34","12","6","16","46","59"
"2013–14 Bundesliga","11","Hertha BSC","41","34","11","8","15","40","48"
"2013–14 Bundesliga","12","Werder Bremen","39","34","10","9","15","42","66"
"2013–14 Bundesliga","13","Eintracht Frankfurt","36","34","9","9","16","40","57"
"2013–14 Bundesliga","14","SC Freiburg","36","34","9","9","16","43","61"
"2013–14 Bundesliga","15","VfB Stuttgart","32","34","8","8","18","49","62"
"2013–14 Bundesliga","16","Hamburger SV","27","34","7","6","21","51","75"
"2013–14 Bundesliga","17","1. FC Nürnberg","26","34","5","11","18","37","70"
"2013–14 Bundesliga","18","Eintracht Braunschweig","25","34","6","7","21","29","60"
"2014–15 Bundesliga","1","Bayern Munich","79","34","25","4","5","80","18"
"2014–15 Bundesliga","2","VfL Wolfsburg","69","34","20","9","5","72","38"
"2014–15 Bundesliga","3","Borussia Mönchengladbach","66","34","19","9","6","53","26"
"2014–15 Bundesliga","4","Bayer Leverkusen","61","34","17","10","7","62","37"
"2014–15 Bundesliga","5","FC Augsburg","49","34","15","4","15","43","43"
"2014–15 Bundesliga","6","Schalke 04","48","34","13","9","12","42","40"
"2014–15 Bundesliga","7","Borussia Dortmund","46","34","13","7","14","47","42"
"2014–15 Bundesliga","8","1899 Hoffenheim","44","34","12","8","14","49","55"
"2014–15 Bundesliga","9","Eintracht Frankfurt","43","34","11","10","13","56","62"
"2014–15 Bundesliga","10","Werder Bremen","43","34","11","10","13","50","65"
"2014–15 Bundesliga","11","FSV Mainz 05","40","34","9","13","12","45","47"
"2014–15 Bundesliga","12","1. FC Köln","40","34","9","13","12","34","40"
"2014–15 Bundesliga","13","Hannover 96","37","34","9","10","15","40","56"
"2014–15 Bundesliga","14","VfB Stuttgart","36","34","9","9","16","42","60"
"2014–15 Bundesliga","15","Hertha BSC","35","34","9","8","17","36","52"
"2014–15 Bundesliga","16","Hamburger SV","35","34","9","8","17","25","50"
"2014–15 Bundesliga","17","SC Freiburg","34","34","7","13","14","36","47"
"2014–15 Bundesliga","18","SC Paderborn 07","31","34","7","10","17","31","65"
"2015–16 Bundesliga","1","Bayern Munich","88","34","28","4","2","80","17"
"2015–16 Bundesliga","2","Borussia Dortmund","78","34","24","6","4","82","34"
"2015–16 Bundesliga","3","Bayer Leverkusen","60","34","18","6","10","56","40"
"2015–16 Bundesliga","4","Borussia Mönchengladbach","55","34","17","4","13","67","50"
"2015–16 Bundesliga","5","Schalke 04","52","34","15","7","12","51","49"
"2015–16 Bundesliga","6","Mainz 05","50","34","14","8","12","46","42"
"2015–16 Bundesliga","7","Hertha BSC","50","34","14","8","12","42","42"
"2015–16 Bundesliga","8","VfL Wolfsburg","45","34","12","9","13","47","49"
"2015–16 Bundesliga","9","1. FC Köln","43","34","10","13","11","38","42"
"2015–16 Bundesliga","10","Hamburger SV","41","34","11","8","15","40","46"
"2015–16 Bundesliga","11","FC Ingolstadt","40","34","10","10","14","33","42"
"2015–16 Bundesliga","12","FC Augsburg","38","34","9","11","14","42","52"
"2015–16 Bundesliga","13","Werder Bremen","38","34","10","8","16","50","65"
"2015–16 Bundesliga","14","Darmstadt 98","38","34","9","11","14","38","53"
"2015–16 Bundesliga","15","1899 Hoffenheim","37","34","9","10","15","39","54"
"2015–16 Bundesliga","16","Eintracht Frankfurt","36","34","9","9","16","34","52"
"2015–16 Bundesliga","17","VfB Stuttgart","33","34","9","6","19","50","75"
"2015–16 Bundesliga","18","Hannover 96","25","34","7","4","23","31","62"
"2016–17 Bundesliga","1","Bayern Munich","82","34","25","7","2","89","22"
"2016–17 Bundesliga","2","RB Leipzig","67","34","20","7","7","66","39"
"2016–17 Bundesliga","3","Borussia Dortmund","64","34","18","10","6","72","40"
"2016–17 Bundesliga","4","1899 Hoffenheim","62","34","16","14","4","64","37"
"2016–17 Bundesliga","5","1. FC Köln","49","34","12","13","9","51","42"
"2016–17 Bundesliga","6","Hertha BSC","49","34","15","4","15","43","47"
"2016–17 Bundesliga","7","SC Freiburg","48","34","14","6","14","42","60"
"2016–17 Bundesliga","8","Werder Bremen","45","34","13","6","15","61","64"
"2016–17 Bundesliga","9","Borussia Mönchengladbach","45","34","12","9","13","45","49"
"2016–17 Bundesliga","10","Schalke 04","43","34","11","10","13","45","40"
"2016–17 Bundesliga","11","Eintracht Frankfurt","42","34","11","9","14","36","43"
"2016–17 Bundesliga","12","Bayer Leverkusen","41","34","11","8","15","53","55"
"2016–17 Bundesliga","13","FC Augsburg","38","34","9","11","14","35","51"
"2016–17 Bundesliga","14","Hamburger SV","38","34","10","8","16","33","61"
"2016–17 Bundesliga","15","Mainz 05","37","34","10","7","17","44","55"
"2016–17 Bundesliga","16","VfL Wolfsburg","37","34","10","7","17","34","52"
"2016–17 Bundesliga","17","FC Ingolstadt","32","34","8","8","18","36","57"
"2016–17 Bundesliga","18","Darmstadt 98","25","34","7","4","23","28","63"
"2017–18 Bundesliga","1","Bayern Munich","84","34","27","3","4","92","28"
"2017–18 Bundesliga","2","Schalke 04","63","34","18","9","7","53","37"
"2017–18 Bundesliga","3","1899 Hoffenheim","55","34","15","10","9","66","48"
"2017–18 Bundesliga","4","Borussia Dortmund","55","34","15","10","9","64","47"
"2017–18 Bundesliga","5","Bayer Leverkusen","55","34","15","10","9","58","44"
"2017–18 Bundesliga","6","RB Leipzig","53","34","15","8","11","57","53"
"2017–18 Bundesliga","7","VfB Stuttgart","51","34","15","6","13","36","36"
"2017–18 Bundesliga","8","Eintracht Frankfurt","49","34","14","7","13","45","45"
"2017–18 Bundesliga","9","Borussia Mönchengladbach","47","34","13","8","13","47","52"
"2017–18 Bundesliga","10","Hertha BSC","43","34","10","13","11","43","46"
"2017–18 Bundesliga","11","Werder Bremen","42","34","10","12","12","37","40"
"2017–18 Bundesliga","12","FC Augsburg","41","34","10","11","13","43","46"
"2017–18 Bundesliga","13","Hannover 96","39","34","10","9","15","44","54"
"2017–18 Bundesliga","14","Mainz 05","36","34","9","9","16","38","52"
"2017–18 Bundesliga","15","SC Freiburg","36","34","8","12","14","32","56"
"2017–18 Bundesliga","16","VfL Wolfsburg","33","34","6","15","13","36","48"
"2017–18 Bundesliga","17","Hamburger SV","31","34","8","7","19","29","53"
"2017–18 Bundesliga","18","1. FC Köln","22","34","5","7","22","35","70"
"2018–19 Bundesliga","1","Bayern Munich","78","34","24","6","4","88","32"
"2018–19 Bundesliga","2","Borussia Dortmund","76","34","23","7","4","81","44"
"2018–19 Bundesliga","3","RB Leipzig","66","34","19","9","6","63","29"
"2018–19 Bundesliga","4","Bayer Leverkusen","58","34","18","4","12","69","52"
"2018–19 Bundesliga","5","Borussia Mönchengladbach","55","34","16","7","11","55","42"
"2018–19 Bundesliga","6","VfL Wolfsburg","55","34","16","7","11","62","50"
"2018–19 Bundesliga","7","Eintracht Frankfurt","54","34","15","9","10","60","48"
"2018–19 Bundesliga","8","Werder Bremen","53","34","14","11","9","58","49"
"2018–19 Bundesliga","9","1899 Hoffenheim","51","34","13","12","9","70","52"
"2018–19 Bundesliga","10","Fortuna Düsseldorf","44","34","13","5","16","49","65"
"2018–19 Bundesliga","11","Hertha BSC","43","34","11","10","13","49","57"
"2018–19 Bundesliga","12","Mainz 05","43","34","12","7","15","46","57"
"2018–19 Bundesliga","13","SC Freiburg","36","34","8","12","14","46","61"
"2018–19 Bundesliga","14","Schalke 04","33","34","8","9","17","37","55"
"2018–19 Bundesliga","15","FC Augsburg","32","34","8","8","18","51","71"
"2018–19 Bundesliga","16","VfB Stuttgart","28","34","7","7","20","32","70"
"2018–19 Bundesliga","17","Hannover 96","21","34","5","6","23","31","71"
"2018–19 Bundesliga","18","1. FC Nürnberg","19","34","3","10","21","26","68"
"2019–20 Bundesliga","1","Bayern Munich","82","34","26","4","4","100","32"
"2019–20 Bundesliga","2","Borussia Dortmund","69","34","21","6","7","84","41"
"2019–20 Bundesliga","3","RB Leipzig","66","34","18","12","4","81","37"
"2019–20 Bundesliga","4","Borussia Mönchengladbach","65","34","20","5","9","66","40"
"2019–20 Bundesliga","5","Bayer Leverkusen","63","34","19","6","9","61","44"
"2019–20 Bundesliga","6","1899 Hoffenheim","52","34","15","7","12","53","53"
"2019–20 Bundesliga","7","VfL Wolfsburg","49","34","13","10","11","48","46"
"2019–20 Bundesliga","8","SC Freiburg","48","34","13","9","12","48","47"
"2019–20 Bundesliga","9","Eintracht Frankfurt","45","34","13","6","15","59","60"
"2019–20 Bundesliga","10","Hertha BSC","41","34","11","8","15","48","59"
"2019–20 Bundesliga","11","Union Berlin","41","34","12","5","17","41","58"
"2019–20 Bundesliga","12","Schalke 04","39","34","9","12","13","38","58"
"2019–20 Bundesliga","13","Mainz 05","37","34","11","4","19","44","65"
"2019–20 Bundesliga","14","1. FC Köln","36","34","10","6","18","51","69"
"2019–20 Bundesliga","15","FC Augsburg","36","34","9","9","16","45","63"
"2019–20 Bundesliga","16","Werder Bremen","31","34","8","7","19","42","69"
"2019–20 Bundesliga","17","Fortuna Düsseldorf","30","34","6","12","16","36","67"
"2019–20 Bundesliga","18","SC Paderborn","20","34","4","8","22","37","74"